"","de","en","es","fr","hu","it","ja","ko","nl","pl","pt","ru","zh-tw","zh","en-gb","tr","uk","cz","sk","th","ro","oc","ar"
"Maintenance.Group:Activated features","Aktivierte Funktionen","Activated features","Características activadas","Fonctionnalités activées","Aktivált szolgáltatások","Funzionalità attivate","有効な機能","활성화된 기능","Geactiveerde functies","Aktywowane funkcje","Recursos ativados","Включённые функции","已啟用的功能","激活功能","Activated features","Etkin Özellikler","Активовані функції","Aktivované funkce","Aktivované funkcie","ฟีเจอร์ที่เปิดอยู่","Characteristici activate","","ﺕﺍﺰﻴﻤﻟﺍ ﻂﻴﺸﻨﺗ"
"Maintenance.Button:Remove parked vehicles","Entferne geparkte Autos","Remove parked vehicles","Remover vehículos estacionados","Retirer les véhicules stationnés","Távolítsa el a parkoló járműveket","Rimuovi veicoli parcheggiati","駐車中の車両を取り除く","주차된 차량 제거","Verwijder geparkeerde voertuigen","Usuń zaparkowane pojazdy","Remover veículos estacionados","Удалить припаркованный транспорт","移除停於停車格中的車輛","移除已停放的车辆","Remove parked vehicles","Park etmiş taşıtları sil","Видалити припарковані авто","Odstranit zaparkovaná vozidla","Vymazať zaparkované vozidlá","ลบพาหนะที่จอดอยู่","Elimină vehiculele parcate","","ﺔﻔﻗﻮﺘﻤﻟﺍ ﺕﺎﺒﻛﺮﻤﻟﺍ ﺔﻟﺍﺯﺇ"
"Maintenance.Button:Reset custom speed limits","Geschwindigkeitsbegrenzungen auf Standard zurücksetzen","Reset custom speed limits","Restablecer límites de velocidad personalizados","Réinitialiser les limites de vitesse persos","Az egyedi sebességkorlátozások visszaállítása","Resetta i limiti di velocità personalizzati","カスタム速度制限をリセットする","커스텀 속도 제한 초기화","Reset aangepaste snelheidslimieten","Zresetuj limity prędkości użytkownika","Resetar limites de velocidade personalizados","Сбросить огран. скорости, заданные вручную","重置自訂速限","重置自定义速度限制","Reset custom speed limits","Ayarlanmış azami hızları sıfırla","Скинути користувацькі обмеження швидкості","Obnovit výchozí nastavení rychlostních limitů","Obnoviť predvolené obmedzenia rýchlostí","รีเซ็ตการตั้งค่าความเร็วที่กําหนดเอง","Resetează limitele de viteză personalizate","","ﺔﺼﺼﺨﻤﻟﺍ ﺔﻋﺮﺴﻟﺍ ﺩﻭﺪﺣ ﻦﻴﻴﻌﺗ ﺓﺩﺎﻋﺇ"
"Maintenance.Button:Reset global configuration","Globale Konfiguration zurücksetzen","Reset global configuration","Restablecer configuración global","Réinitialiser la config. globale","A globális konfiguráció visszaállítása","Resetta configurazione globale","グローバル設定をリセット","글로벌 설정 초기화","Reset algemene configuratie","Zresetuj ustawienia globalne","Resetar configuração global","Сбросить общую конфигурацию","重置所有設定","重置所有设置","Reset global configuration","Genel ayarları sıfırla","Скинути глобальну конфігурацію","Obnovení výchozí konfigurace","Resetovať globálne nadstavenia","รีเซ็ตการตั้งค่าทั้งหมด","Resetează configurațiile globale","","ﻡﺎﻌﻟﺍ ﻦﻳﻮﻜﺘﻟﺍ ﻦﻴﻴﻌﺗ ﺓﺩﺎﻋﺇ"
"Maintenance.Button:Reset stuck cims and vehicles","Setze steckengebliebene Cims und Fahrzeuge zurück","Reset stuck cims and vehicles","Restablecer cims y vehículos atascados","Réinit. citoyens et véhicules coincés","Állítsa vissza a beragadt felfüggesztéseket és járműveket","Resetta i pedoni ed i veicoli bloccati","立ち往生している人や車両をリセットする","갇혀있는 시민과 차량 초기화","Reset vastgelopen inwoners en voertuigen","Zresetuj zablokowane samochody i ludzi","Resetar carros e cims presos","Удалить застрявших симов и транспорт","重置卡死的行人和車輛","重置卡住的行人和车辆","Reset stuck cims and vehicles","Takılmış cim ve taşıtları sıfırla","Скинути сімів та авто, які застрягли","Obnovit uvízlé občany a vozidla","Resetovať zaseknuté vozidlá","รีเซ็ต cims เเละพาหนะที่ติดอยู่","","","ﺔﻘﻟﺎﻌﻟﺍ ﺕﺎﺒﻛﺮﻤﻟﺍﻭ ﺓﺪﻤﻋﻷﺍ ﻂﺒﺿ ﺓﺩﺎﻋﺇ"
"Maintenance.Checkbox:Disable despawning","Despawn ausschalten","Disable despawning","Desactivar desaparición","Désactiver la disparition","Letiltja a hajtást","Disabilita la sparizione dei veicoli","スタック除去無効化","차 사라짐 비활성화","Voertuigverdwijning uitschakelen","Zablokuj znikanie pojazdów","Desativar o desaparecimento de veículos","Отключить исчезновение машин","久塞車輛永不消失","禁止车辆消失","Disable despawning","Yok olmayı devre dışı bırak","Заборонити зникнення застряглих авто","Vypnout mazání vozidel","Deaktivovať mazanie","ปิดการ Despawn","Oprește dispărerea","","ﺢﻴﺤﺼﺘﻟﺍ ﻞﻴﻄﻌﺗ"
"Button:Enable despawning","Despawn einschalten","Enable despawning","Activar desaparición","Activer la disparition","Engedélyezze a levágást","Abilita la sparizione dei veicoli","スタック除去有効化","차 사라짐 활성화","Voertuigverdwijning inschakelen","Odblokuj znikanie pojazdów","Ativar o desaparecimento de veículos","Включить исчезновение машин","允許久塞車輛消失","允许车辆消失","Enable despawning","Yok olmayı etkinleştir","Дозволити застряглим авто зникати","Zapnout mazání vozidel","Aktivovať mazanie","เปิดการ Despawn","Activează disperărea","","ﺢﻴﺤﺼﺘﻟﺍ ﻦﻴﻜﻤﺗ"
"Keybinds.Dialog.Text:Keybind conflict","Die ausgewählte Taste steht in Konflikt mit einer anderen Tastenkombination. Bitte wähle etwas anderes.","The key you've selected is conflicting with another shortcut key. Please choose something else.","Hay un conflicto con al tecla de acceso directo que seleccionaste. Por favor escoge una diferente.","La touche choisie est en conflit avec un autre raccourci. Merci de choisir une autre touche du clavier.","A kiválasztott kulcs ütközik egy másik gyorsbillentyűvel. Kérjük, válasszon valami mást.","Il tasto selezionato è in conflitto con un altro tasto di scelta rapida. Per favore, scegli qualcos'altro.","The key you've selected is conflicting with another shortcut key. Please choose something else.","선택한 키가 다른 단축키와 충돌합니다. 다른 키를 선택해주세요.","De toets dat je hebt geselecteerd is in strijd met een andere sneltoets. Kies alsjeblieft een andere toets.","Wybrany skrót klawiszowy jest już używany. Wybierz inną kombinację.","A tecla que você selecionou está em conflito com um outro atalho. Por favor escolha outra tecla.","Выбранная комбинация клавиш уже используется в другом месте. Пожалуйста, выберите другую комбинацию.","快捷鍵設定檔","所选快捷键与其他快捷键有冲突, 请重新选择其他按键.","The key you've selected is conflicting with another shortcut key. Please choose something else.","Atanmış tuş çakışması","Знайдено конфлікт між призначеннями клавіш","Konflikt klávesových zkratek","Konflikt v klávesovej skratke","แป้นพิมพ์ลัดเกิดการขัดเเย้ง","Conflict Keybind","",".ﺮﺧﺍ ﺭﺎﻴﺘﺧﺍ ﺀﺎﺟﺮﻟﺍ .ﺮﺧﺍ ﺭﺎﺼﺘﺧﺍ ﺡﺎﺘﻔﻣ ﻊﻣ ﺽﺭﺎﻌﺘﻳ ﻪﺗﺩﺪﺣ ﻱﺬﻟﺍ ﺡﺎﺘﻔﻤﻟﺍ"
"Gameplay.Group:Advanced vehicle AI","Verbesserte Fahrzeug-KI","Advanced Vehicle AI","IA de vehículos avanzada","IA des véhicules avancée","Advanced Vehicle AI","IA dei veicoli avanzata","高度な車両AI","개선된 차량 AI","Geavanceerde voertuig-KI","Zaawansowana SI pojazdów","IA de veículo avançada","Улучшенная логика для транспорта","加強版行車AI","高级车辆AI","Advanced Vehicle AI","Gelişmiş taşıt YZ'sı","Покращена логіка руху автотранспорту","Rozšířená inteligence vozidel","Rozšírená AI vozidiel ","AI พาหนะขั้นสูง","Ai avansat pentru vehicule","","ﻲﻋﺎﻨﻄﺻﺍ ﺀﺎﻛﺬﺑ ﺔﺒﻛﺮﻣ"
"Gameplay.Tooltip:DLS_percentage","Prozentsatz der Fahrzeuge mit dynamischer Fahrspurwahl","Percentage of vehicles performing dynamic lane selection","Porcentaje de vehículos realizando selección de carril dinámico","Pourcentage de véhicules effectuant une sélection de voie dynamique","A dinamikus sávválasztást végző járművek százalékos aránya","Percentuale di veicoli che effettuano la selezione dinamica della corsia","動的レーン選択を実行する車両の割合","유동적 차량 차선변경 빈도 백분율","Percentage van voertuigen dat dynamische rijstrookselectie uitvoert","Procent pojazdów zmieniających pas w obszarze dynamicznej zmiany pasa ruchu","Porcentagem de veículos fazendo a seleção dinâmica de faixas","Сколько процентов водителей будут менять полосы движения","動態車道選擇套用施行比率","进行智能车道选择的车辆比率","Percentage of vehicles performing dynamic lane selection","Değişken şerit seçimi","Процент авто, які хаотично змінюють полосу руху","Úroveň umělé inteligence","Uroveň AI","เปอร์เซ็นต์ของพาหนะที่เลือกเลนเเบบ Dynamic","Alegere dinamicâ de bandă","","ﻲﻜﻴﻣﺎﻨﻳﺪﻟﺍ ﺭﺎﺴﻤﻟﺍ ﺭﺎﻴﺘﺧﺎﺑ ﻡﻮﻘﺗ ﻲﺘﻟﺍ ﺕﺎﺒﻛﺮﻤﻠﻟ ﺔﻳﻮﺌﻤﻟﺍ ﺔﺒﺴﻨﻟﺍ"
"Gameplay.Slider:Dynamic lane selection","Dynamische Fahrspurwahl","Dynamic lane selection","Selección de carril dinámico","Sélection de voie dynamique","Dinamikus sávválasztás","Selezione dinamica della corsia","動的レーン選択","유동적 차량 차선변경 빈도","Dynamische rijstrookkeuze","Obszar dynamicznej zmiany pasa ruchu","Seleção dinâmica de faixas","Выбор случайной полосы движения","動態車道選擇","智能车道选择","Dynamic lane selection","Değişken şerit seçimi","Динамічна (хаотична) зміна полоси руху","Dynamická změna jízdních pruhů","Dynamické menenie jazdnych pruhov ","การเลือกเลนเเบบ Dynamic","Alegere dinamicâ de bandă","","ﻲﻜﻴﻣﺎﻨﻳﺪﻟﺍ ﺓﺭﺎﺤﻟﺍ ﺭﺎﻴﺘﺧﺍ"
"Gameplay.Checkbox:Enable advanced vehicle AI","Verbesserte Fahrzeug-KI aktivieren","Enable Advanced Vehicle AI","Activar IA de vehículos avanzada","Activer l'IA avancée des véhicules","Engedélyezze az Advanced Vehicle AI-t","Abilita IA dei veicoli avanzata","Advanced Vehicle AIを有効にする","개선된 차량 AI 활성화","Verbeterde voertuig-KI activeren","Włącz Zaawansowaną Sztuczną Inteligencję Pojazdów","Ativar IA avançada de veículo","Улучшенная логика для транспорта","啟用加強版行車 AI","启用高级车辆AI","Enable Advanced Vehicle AI","Gelişmiş taşıt YZ'sını etkinleştir","Покращена логіка руху автотранспорту","Zapnout rozšířenou inteligenci vozidel","Aktivovať rozširenú inteligenciu vozidiel","เปิด AI พาหนะขั้นสูง","Permite Ai avansat pentru vehicule","","ﺔﺒﻛﺮﻤﻠﻟ ﻲﻋﺎﻨﻄﺻﻻﺍ ﺀﺎﻛﺬﻟﺍ ﻞﻴﻌﻔﺗ"
"Gameplay.Checkbox:Enable more realistic parking","Aktiviere realistisches Parken","Enable more realistic parking","Activar estacionamientos más realistas","Activer le stationnement plus réaliste","Reálisabb parkolás engedélyezése","Abilita un utilizzo più realistico dei parcheggi","より現実的な駐車を有効にする","더 현실적인 주차 활성화","Schakel realistischer parkeren in","Aktywuj bardziej realistyczny system parkowania samochodów","Habilitar estacionamento mais realista","Более реалистичные правила парковки","啟用更多現實中的停車位","启用更真实的停车","Enable more realistic parking","Daha gerçekçi park etmeyi etkinleştir","Дозволити реалістичні правила паркування","Zapnout reálnější parkování","Aktivovať realistické parkovanie","เปิดการจอดเเบบหมือนจริง","Permite parcare mai realistică","","ﺔﻴﻌﻗﺍﻭ ﺮﺜﻛﺍ ﻒﻗﺍﻮﻣ ﻦﻴﻜﻤﺗ"
"Gameplay.Dropdown.Option:Holy City (0%)","Heilige Stadt (0 %)","Holy City (0 %)","Ciudad divina (0 %)","Ville Sainte (0 %)","Szent város (0%)","Città Santa (0%)","天国 (0 %)","평온한 도시 (0 %)","Heilige stad (0 %)","Święte Miasto (0 %)","Cidade Santa (0 %)","Идеальное поведение (0 %)","守法乖寶寶(0%)","遵纪守法 (0 %)","Holy City (0 %)","Kutsal Şehir (0%)","Місто чесних людей 0%","Klidné město (0%)","Kľudné mesto (0%)","เมืองสวรรค์ (0%)","Oră de vârf (5%)","","(0 %) ﺔﺳﺪﻘﻤﻟﺍ ﺔﻨﻳﺪﻤﻟﺍ"
"Gameplay.Checkbox:Individual driving styles","Individuelle Fahrstile","Individual driving styles","Estilos de manejo individuales","Individual driving styles","Egyéni vezetési stílusok","Stili di guida individuali","個人個人の運転スタイル","개인별 주행 스타일","Individuele rijstijlen","Zróżnicowane style jazdy","Estilos de direção individuais","Индивидуальные стили вождения","個人駕車風格","个人驾驶风格","Individual driving styles","Bireysel sürüş tarzları","Індивідуальні стилі водіння","Individuální styly řízení","Individuálne štýly riadenia","เเต่ละคนมีนิสัยการขับรถที่ต่างกัน","Stiluri individuale de condus","","ﺔﻳﺩﺮﻔﻟﺍ ﺓﺩﺎﻴﻘﻟﺍ ﺐﻴﻟﺎﺳﺃ"
"Gameplay.Dropdown.Option:Minor Complaints (2%)","Einige Beschwerden (2 %)","Minor Complaints (2 %)","Colisiones menores (2 %)","Plaintes mineures (2 %)","Kisebb panaszok (2%)","Reclami minori (2%)","ほとんど不満なし (2 %)","사소한 불평들 (2 %)","Enige klachten (2 %)","Drobne Skargi (2 %)","Reclamações Usuais (2 %)","Нарушаем понемножку (2 %)","對不起借過(2%)","稍有违法 (2 %)","Minor Complaints (2 %)","Küçük Şikayetler (2%)","Незначні порушення 2%","Drobné stížnosti (2%)","Drobné stiažností (2%)","การร้องเรียนบ้าง (2%)","Reclamații minore (2%)","","(% 2) ﻯﺮﻐﺼﻟﺍ ﻱﻭﺎﻜﺸﻟﺍ"
"Gameplay.Group:Parking AI","Parkplatz-KI","Parking AI","IA de estacionamientos","IA de stationnement","Parkolás AI","IA del parcheggio","駐車AI","주차 AI","Parkeer-KI","SI parkowania","IA de estacionamento","Выбор места для парковки","道路停車AI","停车AI","Parking AI","Park Etme YZ'sı","Логіка паркування","Inteligence parkování","Inteligencia parkovania ","AI การจอดรถ","Parcare Ai","","ﺔﻴﻛﺬﻟﺍ ﻒﻗﻮﻤﻟﺍ"
"Gameplay.Dropdown.Option:Path Of Evil (10%)","Pfad des Bösen (10 %)","Path Of Evil (10 %)","El mismo infierno (10 %)","Chemin du Mal (10 %)","A gonosz ösvénye (10%)","Sentiero del male (10%)","悪路 (10 %)","악마의 도로 (10 %)","Route des kwaads (10 %)","Diabelska Ścieżka (10 %)","Caminho do mal (10 %)","Дай дорогу дураку (10 %)","馬路我最大(10%)","无视法纪 (10 %)","Path Of Evil (10 %)","Yoldan Çıkmışlık (10%)","Столичний час-пік 10%","Agresivní (10%)","Dopravná špička (10%)","เมืองชั่วร้าย (10%)","Calea Răului (10%)","","(% 10) ﺀﻱﺩﺭ ﺭﺎﺴﻣ"
"Gameplay.Checkbox:No excessive transfers","Verhindere übertriebenes Umsteigen an Haltestellen","Prevent unnecessary transfers at public transport stations","Prevenir transferencias innecesarias en estaciones de transporte público","Empêcher les transferts inutiles dans les stations de transport public","Kerülje el a szükségtelen transzfereket a tömegközlekedési állomásokon","Previeni trasferimenti innecessari nelle stazioni del trasporto pubblico","公共交通機関での不必要な輸送を防ぐ","대중교통 역에서의 불필요한 환승을 방지","Voorkom onnodige transfers op stations van het openbaar vervoer","Zapobiegaj nadmiernej liczbie przesiadek na przystankach transportu publicznego","Previne transferências desnecessárias nas estações de transporte público","Меньше ненужных пересадок при поездках","避免不必要的大眾運輸轉乘","避免公共交通不必要的换乘","Prevent unnecessary transfers at public transport stations","Gereksiz aktarmalar yapma","Зменшити кількість пересадок пасажирів","Vyhnout se přecházení silnic u stanic městské dopravy","Vyhnúť sa prechádzaniu ciest pri staniciach mestskej dopravy","ป้องกันการถ่ายโอนที่ไม่จําเป็นที่สถานีขนส่งสาธารณะ","Prevenirea inutilă de transfer la stațiile de transport public","","ﻡﺎﻌﻟﺍ ﻞﻘﻨﻟﺍ ﺕﺎﻄﺤﻣ ﻲﻓ ﺔﻳﺭﻭﺮﻀﻟﺍ ﺮﻴﻏ ﻞﻘﻨﻟﺍ ﺕﺎﻴﻠﻤﻋ ﻊﻨﻣ"
"Gameplay.Group:Public transport","Öffentlicher Personennahverkehr","Public transport","Transporte público","Transport public","Tömegközlekedés","Trasporto pubblico","公共交通機関","대중교통","Openbaar vervoer","Transport publiczny","Transporte Público","Общественный транспорт","大眾運輸","公共交通","Public transport","Toplu taşıma","Міський транспорт","Veřejná doprava","Verejná doprava","ระบบขนส่งสาธารณะ","Transport public","","ﻡﺎﻌﻟﺍ ﻞﻘﻨﻟﺍ"
"Gameplay.Dropdown:Reckless drivers%","Rücksichtsloses Fahren","Reckless drivers percentage","Conducción agresiva","Conduite téméraire","Felelőtlen vezetés","Percentuale di guida spericolata","無謀運転 (ベータ機能/いくらかの市民が交通ルールを無視します)","난폭한 운전자 비율","Roekeloos rijden","Lekkomyślna jazda","Direção imprudente","Процент нарушителей ПДД","違規駕駛比率","违规驾驶比率","Reckless drivers percentage","Trafik canavarları","Процент водіїв-порушників","Bezohlednost řidičů","Bezohladnosť vodičou","ขับรถโดยประมาท","Șoferi enervați%","","ﻦﻳﺭﻮﻬﺘﻤﻟﺍ ﻦﻴﻘﺋﺎﺴﻟﺍ ﺔﺒﺴﻧ"
"Gameplay.Checkbox:Increase road condition impact","Der Straßenzustand hat einen größeren Einfluss auf die Geschwindigkeit","Road condition has a bigger impact on vehicle speed","La condición de la calle tiene un mayor impacto en la rapidez de los vehículos","La condition de la voirie a un plus grand impact sur la vitesse des véhicules","Az út állapota nagyobb hatással van a jármű sebességére","Le condizioni stradali hanno un maggiore impatto sulla velocità dei veicoli","路面状況がより大きな影響を車両速度に与える","도로 상태가 차량 속도에 더 크게 영향을 미침","De wegtoestand heeft een grotere invloed op de voertuigsnelheid","Kondycja nawierzchni drogi ma większy wpływ na prędkość pojazdu","A condição da estrada tem um impacto maior na velocidade do veículo","Состояние дороги сильнее влияет на скорость","道路狀態對車速有較大的影響","道路状况对车辆速度会有较大影响","Road condition has a bigger impact on vehicle speed","Yol durumu etkisini arttır","Стан покриття дороги більше впливає на швидкість","Stav silnic má větší dopad na rychlost dopravy","Stav ciest má väčší dopad na rychlosť dopravy","สภาพถนนมีผลต่อความเร็วของยานพาหนะ","Condiția drumului contribuie mai mult la viteza vehiculelor","","ﺓﺭﺎﻴﺴﻟﺍ ﺔﻋﺮﺳ ﻰﻠﻋ ﺮﺒﻛﺃ ﺮﻴﺛﺄﺗ ﺎﻬﻟ ﻖﻳﺮﻄﻟﺍ ﺔﻟﺎﺣ"
"Gameplay.Dropdown.Option:Rush Hour (5%)","Feierabendverkehr (5 %)","Rush Hour (5 %)","Hora Punta (5 %)","Heure de Pointe (5 %)","Csúcsforgalom (5%)","Ora di punta (5%)","ラッシュアワー (5 %)","러시 아워 (5 %)","Spitsuur (5 %)","Godziny Szczytu (5 %)","Hora do Rush (5 %)","Обычный час пик (5 %)","上班趕時間(5%)","鲁莽驾驶 (5 %)","Rush Hour (5 %)","İş çıkışı (5%)","Час-пік в обласному центрі 5%","Spěch (5%)","Dopravná špička (5%)","ชั่วโมงเร่งด่วน (5%)","Oră de vârf (5%)","","(% 5) ﺓﻭﺭﺬﻟﺍ ﺔﻋﺎﺳ"
"Gameplay.Group:Vehicle behavior","Fahrzeugverhalten","Vehicle behavior","Comportamiento vehícular","Comportement des véhicules","A jármű viselkedése","Comportamento del veicolo","車両の挙動","차량 행동","Voertuiggedrag","Zachowanie pojazdu","Comportamento do veículo","Поведение транспорта","車輛行為","车辆行为","Vehicle behaviour","Taşıt davranışı","Поведінка автотранспорту","Zásady chování vozidel","Chovanie vozidiel","พฤติกรรมของยานพาหนะ","Comportamentul vehiculelor","","ﺓﺭﺎﻴﺴﻟﺍ ﻙﻮﻠﺳ"
"General.Checkbox:Apply AI changes right away","Anpassungen treten sofort in Kraft","Apply AI changes right away","Los modificaciones tendrán efecto instantáneamente","Les personnalisations prennent effet instantanément","A testreszabások azonnal hatályba lépnek","Le modifiche avranno effetto immediatamente","カスタマイズが即座に有効になります","AI 변경을 즉시 적용","Aanpassingen zijn onmiddellijk van toepassing","Modyfikacje ustawień mają natychmiastowy efekt","Aplicar as alterações de IA imediatamente","Настройки транспортной логики применяются сразу","自訂值即時生效","订制模拟真实度将立即生效","Apply AI changes right away","YZ değişikliklerini anında uygula","Намагатися одразу активувати зміни в параметрах логіки","Ihned aplikovat změny pro umělou inteligenci","Okamžite aktivovať zmeny pre umelú inteligenciu","นําการเปลี่ยนแปลง AI ไปใช้ทันที","Aplica modificările Ai-ului imediat","","ﺭﻮﻔﻟﺍ ﻰﻠﻋ ﻲﻋﺎﻨﻄﺻﻻﺍ ﺀﺎﻛﺬﻟﺍ ﺕﺍﺮﻴﻴﻐﺗ ﻖﻴﺒﻄﺗ"
"General.Checkbox:Compact main menu","Kompaktes Hauptmenü","Compact main menu","Menú principal compacto","Menu principal compact","Kompakt főmenü","Menù principale compatto","コンパクトメインメニュー","컴팩트한 메인 메뉴","Compact hoofdmenu","Kompaktowe menu główne","Menu principal compacto","Компактное Главное меню","縮小按鈕選單","小型主菜单","Compact main menu","Küçültülmüş ana menü","Компактне головне меню","Zobrazit menší panel nabídky","Zobraziť menší panel nadstavení","แสดงแผงเมนูหลักที่มีขนาดเล็กลง","Meniu principal compact","","ﺔﺠﻣﺪﻤﻟﺍ ﺔﻴﺴﻴﺋﺮﻟﺍ ﺔﻤﺋﺎﻘﻟﺍ"
"General.Checkbox:Enable tutorials","Tutorial aktivieren","Enable tutorial messages","Activar mensajes tutoriales","Activer les messages du didactitiel","Az oktatóüzenetek engedélyezése","Abilita tutorial","チュートリアルメッセージを有効にする","튜토리얼 메세지 활성화","Tutorials inschakelen","Włącz podpowiedzi","Habilitar tutoriais","Включить обучающие сообщения","啟用新手指南","启用教程信息","Enable tutorial messages","Eğitselleri etkinleştir","Включити підказку по інструментам","Zapnout nápovědu","Aktivovať tutorialy","เปิดใช้งานข้อความบทช่วยสอน","Permite mesaje ajutătoare","","ﻲﻤﻴﻠﻌﺘﻟﺍ ﺞﻣﺎﻧﺮﺒﻟﺍ ﻞﺋﺎﺳﺭ ﻞﻴﻌﻔﺗ"
"General.Dropdown.Option:Game language","Spielsprache","Game language","Idioma del juego","Langue du jeu","A játék nyelve","Lingua di gioco","ゲームの言語","게임 언어","Taal van het spel","Język gry","Linguagem do jogo","Язык игры","遊戲顯示語言","跟随游戏语言","Game language","Oyun dili","Мова гри","Čeština","Slovenčina","ภาษาไทย","Limbă","","ﺔﺒﻌﻠﻟﺍ ﺔﻐﻟ"
"General.Dropdown.Option:Language Name","Deutsch","English","Español","Français","Magyar","Italiano","日本語","한국어","Nederlands","Polski","Português","Русский язык","繁體中文","简体中文","English (UK)","Türkçe","Українська","Čeština","Slovenčina","ภาษาไทย","Engleză","","ﺔﻴﺑﺮﻌﻟﺍ"
"General.Checkbox:Lock main menu button position","Position der Hauptmenü-Schaltfläche sperren","Lock main menu button position","Bloquear la posición del menú principal","Verrouiller la position du bouton du menu principal","Zárja a főmenü gomb pozícióját","Blocca posizione del bottone (menu)","メインメニューボタン位置をロックする","메인 메뉴 버튼 위치 잠금","Vergrendel positie van hoofdmenuknop","Zablokuj pozycję przycisku menu głównego","Travar a posição do botão de menu principal","Закрепить позицию кнопки Главного меню","鎖定主選單的選項位置","锁定主菜单按钮位置","Lock main menu button position","Ana menü tuşunun yerini sabitle","Зафіксувати позицію кнопки головного меню","Uzamknout pozici tlačítka menu","Zamknúť pozíciu tlačítka menu","ล็อคตําแหน่งปุ่มเมนูหลัก","","","ﺔﻴﺴﻴﺋﺮﻟﺍ ﺔﻤﺋﺎﻘﻟﺍ ﺭﺯ ﻊﺿﻮﻣ ﻞﻔﻗ"
"General.Checkbox:Lock main menu window position","Position des Hauptmenüs sperren","Lock main menu position","Bloquear la posición del menú principal","Verrouiller la position du menu principal","Zárja a főmenü pozícióját","Blocca posizione del menu","メインメニュー位置をロック","메인 메뉴 위치 잠금","Vergrendel positie van hoofdmenu","Zablokuj pozycję menu głównego","Travar a posição do menu principal","Закрепить позицию Главной панели меню","鎖定主選單的位置","锁定主菜单位置","Lock main menu position","Ana menü penceresinin yerini sabitle","Зафіксувати позицію вікна головного меню","Uzamknout pozici okna nabídky","Zamknúť pozíciu okna menu ","ล็อคตําแหน่งเมนูหลัก","","","ﺔﻴﺴﻴﺋﺮﻟﺍ ﺔﻤﺋﺎﻘﻟﺍ ﻊﺿﻮﻣ ﻞﻔﻗ"
"General.Checkbox:Notify me about TM:PE startup conflicts","Zeige Fehlermeldung, wenn eine Mod-Inkompatibilität erkannt wurde","Notify me if there is an unexpected mod conflict","Notificarme si existe un conflicto inesperado con algún mod","Afficher un message d'erreur si un mod incompatible est détecté","Értesítsen, ha váratlan mod ütközés lép fel","Notify me if there is an unexpected mod conflict","modの非互換性が検出された場合にエラーメッセージを表示す","예기치 못한 모드 충돌이 있을 시 알림","Laat het me weten als er een onverwacht mod-conflict is","Powiadom mnie w razie nieoczekiwanej niezgodność modów","Notifique-me caso haja conflitos de mod inesperado","Показывать сообщение, если мод стартовал с ошибками","偵測到衝突的模組時顯示通知","检测到不兼容的模组时提示","Notify me if there is an unexpected mod conflict","Beni TM:PE başlangıç çatışmalarıyla ilgili bilgilendir","Повідомляти про конфлікти з іншими модами при старті TM:PE","Informovat pokud by mohlo dojít ke konfliktu s jiným módem","Informovať v prípade konfliktu z iným módom","หากมีความขัดแย้งของ mod ที่ไม่คาดคิดโปรดแจ้งให้เราทราบ","","","ﻞﻳﺪﻌﺘﻟﺍ ﻲﻓ ﻊﻗﻮﺘﻣ ﺮﻴﻏ ﺽﺭﺎﻌﺗ ﻙﺎﻨﻫ ﻥﺎﻛ ﺍﺫﺇ ﻲﻨﻤﻠﻋﺃ"
"General.Slider:Overlay transparency","Overlaytransparenz","Overlay transparency","Transparencia de capa","Transparence de l'interface","Átlátszó fedvény","Trasparenza dello strato superiore","オーバーレイの透明度","오버레이 투명도","Overlay transparantie","Przezroczystość nakł.","Transparência da sobreposição","Прозрачность вспомогательной графики (оверлей)","堆疊透明度","图层透明度","Overlay transparency","Üstyazım saydamlığı","Прозорість допоміжної графіки","Průhlednost nabídky","Priehladnosť menu","ความโปร่งใสของการวางซ้อน","","","ﺔﻴﻓﺎﻔﺸﻟﺍ ﺐﻛﺍﺮﺗ"
"General.Tooltip.Format:Overlay transparency: {0}%","Overlaytransparenz: {0}%","Overlay transparency: {0}%","Transparencia de capa: {0}%","Transparence de l'interface: {0}%","Átlátszó fedvény: {0}%","Trasparenza dello strato superiore: {0}%","オーバーレイの透明度: {0}%","오버레이 투명도: {0}%","Overlay transparantie: {0}%","Przezroczystość nakł.: {0}%","Transparência da sobreposição: {0}%","Прозрачность вспомогательной графики: {0}%","堆疊透明度：{0} %","图层透明度: {0}%","Overlay transparency: {0}%","Üstyazım saydamlığı: {0}%","Прозорість допоміжної графіки: {0}%","Průhlednost nabídky: {0}%","Priehladnosť menu: {0}%","ความโปร่งใสของการวางซ้อน: {0}%","","","%{0} :ﺐﻛﺍﺮﺘﻟﺍ ﺔﻴﻓﺎﻔﺷ"
"General.Dropdown:Select language","Sprache auswählen","Select language","Idioma","Langue","Nyelv","Lingua","言語","언어 선택","Taal","Język","Linguagem","Выберите язык мода","選擇語言","语言","Select language","Dil seçimi","Виберіть мову","Zvolte jazyk","Zvoľ jazyk","เลือกภาษา","","","ﺔﻐﻠﻟﺍ ﺭﺎﺘﺧﺍ"
"General.Group:Simulation","Simulation","Simulation","Simulación","Simulation","tettetés","Simulazione","シミュレーション","시뮬레이션","Simulatie","Symulacja","Simulação","Симуляция","模擬","模拟","Simulation","Benzeşim","Моделювання","Simulace","Simulácia","การจำลอง","","","ﺓﺎﻛﺎﺤﻣ"
"General.Slider:Window transparency","Fenstertransparenz","Window opacity","Transparencia de ventana","Transparence de la fenêtre","Ablak átlátszósága","Trasparenza della finestra","ウィンドウの透明度","창 투명도","Transparantie van het venster","Przezroczystość okna","Transparência da janela","Прозрачность окна","視窗透明度","窗口透明度","Window transparency","Pencere saydamlığı","Прозорість вікна","Průhlednost okna","Priehladnosť okna","ความโปร่งใสของหน้าต่าง","","","ﺓﺬﻓﺎﻨﻟﺍ ﻢﻴﺘﻌﺗ"
"General.Tooltip.Format:Window transparency: {0}%","Fenstertransparenz: {0}%","Window opacity: {0}%","Transparencia: {0}%","Transparence de la fenêtre: {0}%","Ablak átlátszósága: {0}%","Trasparenza della finestra: {0}%","ウィンドウの透明度: {0}%","창 투명도: {0}%","Transparantie van het venster {0}%","Przezroczystość okna: {0}%","Transparência da janela: {0}%","Прозрачность окна: {0}%","視窗透明度：{0}%","窗口透明度: {0}%","Window transparency: {0}%","Pencere saydamlığı: {0}%","Прозорість вікна: {0}%","Průhlednost okna: {0}%","Priehladnosť okna: {0}%","ความโปร่งใสของหน้าต่าง: {0}%","","","%{0} :ﺓﺬﻓﺎﻨﻟﺍ ﻢﻴﺘﻌﺗ"
"Keybind:Generic exit subtool key","Werkzeug und TM:PE Menü schließen","Exit tool and close TM:PE Menu","Salir de la herramienta y cerrar menú de TM:PE","Sortir de l'outil et fermer le menu TM:PE","Lépjen ki az eszközből, és zárja be a TM: PE menüt","Esci dallo strumento e chiudi il menù di TM:PE","ツールを終了しTM:PEメニューを閉じます","도구 및 TM:PE 메뉴 닫기","Verlaat de tool en sluit het TM:PE-menu","Wyłącz narzędzie i zamknij TM:PE menu","Sair da ferramenta e fechar o menu do TM:PE","Закрыть инструмент и меню TM:PE","退出工具並且關閉TM: PE選單","关闭工具与TM:PE主菜单","Exit tool and close TM:PE Menu","Çıkış ve TM:PE menüsünü kapatma","Загальна клавіша завершення роботи з інструментом","Zavřít nástroj a nabídku Traffic Managera","Zavrieť nástroj a menu Traffic Managera","ออกจากเครื่องมือและปิดเมนู TM:PE","","","TM:PE ﺔﻤﺋﺎﻗ ﻕﻼﻏﺇﻭ ﺝﻭﺮﺨﻟﺍ ﺓﺍﺩﺃ"
"Keybind.LaneConnector:Delete","Fahrspurverbindungen löschen","Clear lane connections","Borrar uniones de carril","Effacer la voie connectée","Tiszta sávcsatlakozások","Elimina la connessione tra le corsie","車線接続をクリア","차선 연결 해제","Verwijder","Usuń połączenia pasów ruchu","Deletar","Очистить соединения полос движения","刪除","清除车道连接设置","Clear lane connections","Kaldır","Видалити","Vymazat spojení pruhů","Vymazať spojenie jazdných pruhov","เคลียร์ช่องถนน","","","ﺓﺭﺎﺤﻟﺍ ﺕﻼﺻﻭ ﺢﺴﻣ"
"Keybind.LaneConnector:Stay in lane","Fahrspurverbinder: Bleib auf der Fahrspur","Stay in lane","Mantenerse en el carril","Connecteur de voie : Rester sur sa voie","Maradjon a sávban","Resta nella corsia","車線変更不可","차선 유지","Blijf in lijn","Połącz pasy ruchu: Pozostań na pasie","Manter-se na faixa","Полосы движения: Оставаться в своей полосе","留在當下車道","辅助连接禁止变更车道","Stay in lane","Şeritte kal","Залишатися в смузі руху","Držet se pruhu","Držať sa jazdného pruhu","อยู่ในช่องถนน","","","ﺓﺭﺎﺤﻟﺎﺑ ﺀﺎﻘﺒﻟﺍ ﺕﺍﺭﺎﻴﺴﻟﺍ ﻲﻄﺨﺗ ﻊﻨﻣ"
"Keybind.Main:Junction restrictions tool","Werkzeug 'Kreuzungsbeschränkungen' verwenden","Use 'Junction Restrictions' Tool","Usar herramienta 'Restricción de cruces'","Utilisee l'outil 'Restrictions des carrefours'","Használja a 'Junction Restrictions' eszközt","Usa lo strumento ""Restrizioni d'incrocio""","「交差点の制限」ツールの使用","'교차로 규칙' 도구 사용","Gebruik de 'Knooppunt Beperkingen' Tool","Narzędzie 'Ograniczenia na skrzyżowaniu'","Utilizar a ferramenta 'Restrição de cruzamentos'","Инструмент ""Ограничения на перекрёстках""","路口限制工具","使用<路口管制>工具","Use 'Junction Restrictions' Tool","Kavşak kısıtlama aracı","Обмеження на перехресті","Použít nástroj ""řízení křižovatky""","Použiť nástroj ""riadenie križovatky""","ใช้เครื่องมือ 'ข้อจํากัดทางแยก'","","","ﻊﻃﺎﻘﺘﻟﺍ ﺩﻮﻴﻗ ﺓﺍﺩﺍ ﻡﺪﺨﺘﺳﺍ"
"Keybind.Main:Lane arrow tool","Werkzeug 'Richtungspfeile' verwenden","Use 'Lane Arrow' Tool","Usar herramienta 'flechas de carril'","Utiliser l'outil 'Flèchage des voies'","Használja a 'Lane Arrow' eszközt","Usa lo strumento ""Freccia di corsia""","「車線矢印」ツールの使用","'차선 화살표' 도구 사용","Gebruik de 'Rijstrookgeleiding Pijl' Tool","Narzędzie 'Strzałki pasów ruchu'","Utilizar a ferramenta 'Setas de faixa'","Инструмент ""Стрелки полос движения""","車道標線箭頭工具","使用<车道行车导向箭头>工具","Use 'Lane Arrow' Tool","Şerit oku aracı","Стрілки напрямів руху","Použít nástroj ""změna směru jízdních pruhů""","Použiť nástroj ""zmena smeru jazdných pruhov""","ใช้เครื่องมือ 'ลูกศรบนเลน'","","","""ﺓﺭﺎﺤﻟﺍ ﻢﻬﺳﺍ"" ﺓﺍﺩﺃ ﻡﺪﺨﺘﺳﺍ"
"Keybind.Main:Lane connections tool","Werkzeug 'Fahrspurverbinder' verwenden","Use 'Lane Connections' Tool","Usar herramienta 'conexiones de carril'","Utiliser l'outil 'Connections des voies'","Használja a „Lane Connections” eszközt","Usa lo strumento ""Connessioni tra le corsie""","「レーン接続」ツールの使用","'차선 연결' 도구 사용","Gebruik de 'Lijn connectie' Tool","Narzędzie 'Połącz pasy ruchu'","Utilizar a ferramenta 'Conector de Faixas'","Инструмент ""Соединения полос движения""","車道連接工具","使用<车道连接>工具","Use 'Lane Connections' Tool","Şerit birleştirme aracı","З'єднання смуг руху","Použít nástroj ""propojení jízdních pruhů""","Použiť nástroj ""prepojenie jazdných pruhov""","ใช้เครื่องมือ 'การแบ่งช่องทาง'","","","ﺕﺍﺭﺎﺤﻟﺍ ﻂﺑﺭ ﺓﺍﺩﺃ ﻡﺪﺨﺘﺳﺍ"
"Keybind.Main:Priority signs tool","Werkzeug 'Vorfahrtsschilder' verwenden","Use 'Priority Signs' Tool","Usar herramienta 'señales de prioridad'","Utilisee l'outil 'Routes prioritaires'","Használja az „Elsőbbségi jelek” eszközt","Usa lo strumento ""Segnali prioritari""","「優先標識」ツールの使用","'우선주행 표지판' 도구 사용","Gebruik 'Prioriteitsborden' Tool","Narzędzie 'Znaki pierwszeństwa'","Utilizar a ferramenta 'Placas de prioridade'","Инструмент ""Знаки приоритета""","優先通行標誌工具","使用<优先通行权设置>工具","Use 'Priority Signs' Tool","Öncelik işareti aracı","Знаки переваги руху","Použít nástroj ""úprava předností na křižovatce""","Použiť nástroj ""úprava prednosti na križovatke""","ใช้เครื่องมือ 'เครื่องหมายลําดับความสําคัญ'","","","""ﺔﻳﻮﻟﻭﻷﺍ ﺕﺍﺭﺎﺷﺇ"" ﺓﺍﺩﺃ ﻡﺪﺨﺘﺳﺍ"
"Keybind.Main:Speed limits tool","Werkzeug 'Geschwindigkeitsbeschränkungen' verwenden","Use 'Speed Limits' Tool","Usar herramienta 'limites de velocidad'","Utiliser l'outil 'Limitation de vitesse'","Használja a „Sebességkorlátozások” eszközt","Usa lo strumento ""Limiti di velocità""","「速度制限」ツールの使用","'속도 제한' 도구 사용","Gebruik 'Snelheidslimieten' Tool","Narzędzie 'Limity prędkości'","Utilizar a ferramenta 'Limites de velocidade'","Инструмент ""Ограничения скорости""","速限工具","使用<道路速度限制>工具","Use 'Speed Limits' Tool","Azami hız aracı","Знаки обмеження швидкості","Použít nástroj ""omezení rychlosti""","Použiť nástroj ""obmedzenie rýchlosti""","ใช้เครื่องมือ 'จํากัดความเร็ว'","","","""ﺔﻋﺮﺴﻟﺍ ﺩﻭﺪﺣ"" ﺓﺍﺩﺃ ﻡﺪﺨﺘﺳﺍ"
"Keybind.Main:Toggle traffic lights tool","Werkzeug 'Ampeln setzen' verwenden","Use 'Toggle Traffic Lights' Tool","Usar herramienta 'alternar semáforos'","Utiliser l'outil 'Bascule vers les Feux tricolores'","Használja a „Forgalmi lámpák átkapcsolása” eszközt","Usa lo strumento ""Attiva/disattiva semafori""","「信号切り替え」ツールの使用","'신호등 토글' 도구 사용","Gebruik 'Wissel verkeerslichten' Tool","Narzędzie 'Przełącznik Sygnalizacji świetlnej'","Utilizar a ferramenta 'Alternar semáforos'","Инструмент ""Включение или выключение светофора""","號誌燈調整工具","使用<增删红绿灯>工具","Use 'Toggle Traffic Lights' Tool","Trafik ışığı anahtarı aracı","Перемикач світлофору","Použít nástroj ""přepínání semaforů""","Použiť nástroj ""prepínanie semaforov""","ใช้เครื่องมือ 'สลับสัญญาณไฟจราจร'","","","""ﺭﻭﺮﻤﻟﺍ ﺕﺍﺭﺎﺷﺇ ﺡﺎﺘﻔﻣ"" ﺓﺍﺩﺃ ﻡﺪﺨﺘﺳﺍ"
"Keybind:Toggle Main Menu","TM:PE-Hauptmenü anzeigen","Toggle TM:PE Main Menu","Alternar menú principal","Bascule vers le Menu Principal de TM:PE","Toggle TM: PE Főmenü","Attiva/disattiva il menù principale di TM:PE","TM:PE メインメニューの切り替え","TM:PE 메인 메뉴 토글","Wissel Hoofdmenu","Menu TM:PE","Alternar o Menu Principal do TM:PE","Показать или скрыть меню TM:PE","調整主選單","开关TM:PE主菜单","Toggle TM:PE Main Menu","Ana Menü","Показати/сховати головне меню","Otevřít hlavní nabídku Traffic Managera","Otvoriť hlavné menu Traffic Managera","สลับเมนูหลัก TM:PE","","","ﺔﻴﺴﻴﺋﺮﻟﺍ ﺔﻤﺋﺎﻘﻟﺍ TM:PE ﺡﺎﺘﻔﻣ"
"KeybindCategory:Global","Allgemeine Tasten","Global keys","Teclas globales","Global keys","Globális kulcsok","Chiavi globali","グローバルのキー設定","글로벌 키","Globale Sneltoetsen","Główne","Atalhos globais","Общие комбинации клавиш","全球的","全局快捷键","Global keys","Genel","Глобальні параметри","Globální klávesy","Globálne","คีย์ส่วนกลาง","","","ﺔﻴﻣﻮﻤﻋ ﺢﻴﺗﺎﻔﻣ"
"KeybindCategory:LaneConnector","Tasten für 'Fahrspurverbinder' Werkzeug","Lane Connector Tool keys","Teclas de la herramienta Conector de carriles","Lane Connector Tool keys","Sávcsatlakozó eszköz gombjai","Chiavi dello strumento connettore di corsia","レーン接続ツールのキー設定","차선 연결 도구 키","Lijn Connectie Sneltoetsen","Narzędzie: Połącz pasy ruchu","Conector de faixas","Инструмент ""Соединения полос движения""","車道連接","车道连接工具按键","Lane Connector Tool keys","Şerit birleştiricisi","Клавіші інструменту з'єднання смуг руху","Ovládání jízdních pruhů","Ovládanie jazdných pruhov","คีย์เครื่องมือตัวเชื่อมต่อเลน","","","ﺕﺍﺭﺎﺤﻟﺍ ﻞﺻﻮﻣ ﺓﺍﺩﺃ ﺢﻴﺗﺎﻔﻣ"
"Tab:Maintenance","Wartung","Maintenance","Mantenimiento","Maintenance","Karbantartás","Manutenzione","メンテナンス","유지보수","Onderhoud","Konserwacja","Manutenção","Сервис","錯誤修復","维修","Maintenance","Bakım","Обслуговування","Údržba","Údržba","บำรุงรักษา","","","ﺔﻧﺎﻴﺻ ﻝﺎﻤﻋﺍ"
"Checkbox:Parking restrictions","Parkverbote","Parking restrictions","Restricciones de los estacionamientos","Restrictions de stationnement","Parkolási korlátozások","Divieti di sosta","駐車規制","주차 제한","Parkeerbeperkingen","Ograniczenia parkingowe","Restrições de estacionamento","Ограничения парковки","停車限制","路旁停车限制","Parking restrictions","Park kısıtlamaları","Обмеження паркування","Omezení parkování","Obmedzenie parkovania","ข้อจํากัดที่จอดรถ","","","ﻒﻗﺍﻮﻤﻟﺍ ﺩﻮﻴﻗ"
"Checkbox:Priority signs","Vorfahrtsschilder","Priority signs","Señales de prioridad","Signes de priorité","Elsőbbségi jelek","Segnali stradali","優先関係標識","우선주행 표지판","Voorrangsborden","Znaki pierwszeństwa","Placas de prioridade","Знаки приоритета","優先通行權標誌","优先通行权设置","Priority signs","Öncelik işaretleri","Знаки пріорітету руху","Značky předností","Značky prednosti ","เครื่องหมายลําดับความสําคัญ","","","ﺕﺎﻣﻼﻌﻟﺍ ﺔﻳﻮﻟﻭﺃ"
"VR.Dropdown.Option:High Aggression","Hoch","High","Alta","Haute","Magas","Alto","高い","높음","Hoog","Wysoka","Alta","Почти все","高","高","High","Yüksek sertlik","Дуже старанно слідують","Vysoká agresivita","Vysoká agresivita ","สูง","","","ﻲﻟﺎﻋ"
"VR.Dropdown.Option:Low Aggression","Niedrig","Low","Baja","Basse","Alacsony","Basso","低い","낮음","Laag","Niska","Baixa","Иногда","低","低","Low","Düşük sertlik","Так собі","Nízká agresivita","Nízka agresivita","ต่ำ","","","ﺾﻔﺨﻨﻣ"
"VR.Dropdown.Option:Medium Aggression","Mittel","Normal","Media","Moyenne","Közepes","Medio","中くらい","중간","Middelhoog","Średnia","Média","Большинство","中","中","Medium","Orta sertlik","Старанно слідують","Střední agresivita","Stredná agresivita","ปกติ","","","ﻝﺪﺘﻌﻣ"
"VR.Dropdown.Option:Strict","Strikt","Strict","Estricto","Stricte","Szigorú","Rigoroso","厳密","엄격함","Strikt","Ścisła","Restrita","Все","嚴格","严格","Strict","Sıkı","Ніяких порушень","Striktní","Striktná","เข้มงวด","","","ﺩﺪﺸﺘﻣ"
"Maintenance.Checkbox:Show path-find stats","Path-Find Statistik anzeigen","Show path-find stats","Mostrar estadísticas de búsqueda de rutas","Afficher le chemin d'accès des stats","Útvonalkeresési statisztikák megjelenítése","Mostra statistiche path-find","パス検索統計情報を表示する","path-find 수치 표시","Toon path-find statistieken","Pokaż statystyki znajdowania tras","Mostrar estatísticas de path-find","Показать статистику поиска пути","顯示行車路線結果統計","显示车辆寻找路线数据","Show path-find stats","Yol bulma istatistiklerini göster","Показати статистику пошуку шляхів (для розробників)","Zobrazit statistiku hledání cest","Zobraziť štatistiku hľadania ciest","แสดงสถิติการค้นหาเส้นทาง","","","ﺭﺎﺴﻤﻟﺍ ﺩﺎﺠﻳﺇ ﺕﺎﻴﺋﺎﺼﺣﺍ ﺭﺎﻬﻇﺍ"
"Checkbox:Speed limits","Geschwindigkeitsbeschränkungen","Speed limits","Límites de velocidad","Limitations de vitesse","Sebesség határok","Limiti di velocità","速度制限","속도 제한","Snelheidslimiet","Ograniczenia prędkości","Limites de velocidade","Ограничения скорости","速限","道路限速设置","Speed limits","Azami hızlar","Обмеження швидкості","Omezení rychlosti","Obmedzenie rýchlosti","จำกัดความเร็ว","","","ﺔﻋﺮﺴﻟﺍ ﺩﻭﺪﺣ"
"Tab:Gameplay","Spielerlebnis","Gameplay","Jugabilidad","Gameplay","Gameplay","Gioco","ゲームプレイ","게임플레이","Spelverloop","Rozgrywka","Gameplay","Геймплей","遊戲","游戏","Gameplay","Oynayış","Ігровий процес","Hraní","Hra","การเล่นเกม","","","ﺐﻌﻠﻟﺍ"
"Tab:General","Allgemein","General","General","Général","Tábornok","Generale","全般","일반","Algemeen","Ogólne","Geral","Общее","普通","常规","General","Genel","Загальні","Hlavní nabídka","Hlavné","ทั่วไป","","","ﻡﺎﻋ"
"Tab:Keybinds","Tastenkombinationen","Keybinds","Teclado","Keybinds","Keybinds","Combinazioni di tasti","キーバインド","단축키","Sneltoetsen","Skróty klawiszowe","Atalhos","Клавиши","快捷鍵","按键绑定","Keybinds","Tuş Atamaları","Клавіші","Klávesové zkratky","Klavesy","คีย์ลัด","","","ﺢﻴﺗﺎﻔﻣ"
"Tab:Overlays","Überlagerung","Overlays","Capas de información","Interface","Lefedések","Overlays","オーバーレイ","오버레이","Transparanten","Nakładki","Sobreposições","Оверлеи","疊視圖層項目","图层","Overlays","Üstyazımlar","Інформація","Překrytí","Priehladnosť","การซ้อนทับ","","","ﺐﻛﺍﺮﺗ"
"Checkbox:Timed traffic lights","Zeitgesteuerte Ampeln","Timed traffic lights","Semáforos programados","Feux tricolores chronométrés","Időzített közlekedési lámpák","Semaforo (temporizzato)","時間設定付き信号","신호등 시간표","Tijdgestuurde stoplichten","Sygnalizacja Czasowa","Semáforos cronometrados","Настраиваемый светофор","號誌燈時相設定","定时红绿灯设置","Timed traffic lights","Süreli trafik ışıkları","Світлофори з таймером","Časově řízené semafory","Časovo riadené semafory","สัญญาณไฟจราจรตามกำหนดเวลา","","","ﺔﺘﻗﻮﻤﻟﺍ ﺭﻭﺮﻤﻟﺍ ﺕﺍﺭﺎﺷﺇ"
"Checkbox:Vehicle restrictions","Fahrzeugbeschränkungen","Vehicle restrictions","Restricción vehicular","Restrictions des véhicules","Jármű-korlátozások","Restrizioni veicoli","車両規制","차량 제한","Voertuigbeperkingen","Ograniczenia ruchu pojazdów","Restrições de veículos","Ограничения видов транспорта","車種限定","道路车种限制","Vehicle restrictions","Taşıt kısıtlamaları","Обмеження видів транспорту","Omezení vozidel","Obmedzenie vozidiel","จำกัดยานพาหนะ","","","ﺔﺒﻛﺮﻤﻟﺍ ﺩﻮﻴﻗ"
"VR.Dropdown:Vehicle restrictions aggression","Auslegung der Fahrzeugbeschränkungen","Vehicle restrictions aggression","Restricción agresiva de vehículos","Restrictions agressives des véhicules","Jármű korlátozások agresszió","Rigorosità restrizioni veicoli","車両制限適用の厳格さ","차량 제한에 대한 엄격함","Agressie van voertuigbeperkingen","Agrasywność ograniczeń ruchu pojazdów","Agressividade na restrição de veículos","Послушное следование огранич. видов транспорта","車輛限制強度","车辆交规严格度","Vehicle restrictions aggression","Taşıt kısıtlama sertliği","Наскільки старанно водії слідують обмеженням руху","Dodržování omezení vozidel","Dodržovanie obmedzenia vozidiel ","ข้อจํากัดความก้าวร้าวของยานพาหนะ","","","ﺔﺒﻛﺮﻤﻟﺎﺑ ﺭﻮﻬﺘﻟﺍ ﺩﻮﻴﻗ"
"Checkbox:Junction restrictions","Kreuzungsbeschränkungen","Junction restrictions","Restricciones de cruces","Restrictions des intersections","Csomópont korlátozások","Restrizioni incrocio","交差点の制限","교차로 규칙","Splitsingsbeperkingen","Ograniczenia na skrzyżowaniach","Restrições de cruzamento","Ограничения на перекрёстках","交岔路口動線連接制定","路口管制","Junction restrictions","Kavşak kısıtlamaları","Обмеження на перехрестях","Přednosti na křižovatce","Prednosti na križovatke","ข้อจํากัดของทางแยก","","","ﻊﻃﺎﻘﺘﻟﺍ ﺩﻮﻴﻗ"
"Maintenance.Checkbox:Turn on red","Bei Rot abbiegen","Turn on red","Encender luz roja","Tourner aux feux rouges","Kapcsolja be a pirosot","Girare ai semafori rossi","赤信号で曲がる","빨간 신호등에서 우회전을 허용 규칙","Turn on red","Skręć w prawo na czerwonym","Virar nos semáforos vermelhos","Поворот (направо) на красный","紅燈右轉","红灯时可允许转弯","Turn on red","Kırmızı ışık yanarken de dön","Дозвіл повороту на червоне світло","Povolit otáčení vozidel na červenou","Povoliť otáčanie vozidiel na červenej","เปิดเป็นสีแดง","","","ﺀﺍﺮﻤﺤﻟﺍ ﺓﺭﺎﺷﻹﺍ ﻞﻴﻐﺸﺗ"
"Maintenance.Checkbox:Lane connector","Fahrspurverbinder","Lane connector","Conector de carriles","Connecteur de voies","Sávcsatlakozó","Connettore corsia","車線を接続","차선 연결","Rijstrookverbinder","Połącz pasy ruchu","Conector de faixas","Соединения полос движения","車道連接工具","车道连接工具","Lane connector","Şerit birleştiricisi","З'єднання смуг руху","Připojení jízdních pruhů","Pripojenie jazdných pruhov","ช่องต่อเลน","","","ﻩﺭﺎﺤﻟﺍ ﻝﺎﺼﺗﺍ"
"Overlay.Checkbox:Connected lanes","Verbundene Fahrspuren","Connected lanes","Carriles conectados","Voies connectées","Összekapcsolt sávok","Corsie connesse","接続した車線","연결된 차선","Verbonden rijstroken","Połączenia pasów ruchu","Faixas conectadas","Связанные полосы движения","已連接車道","已连接车道","Connected lanes","Birleştirilmiş şeritler","Показати з'єднані смуги руху","Připojené jízdní pruhy","Pripojené jazdné pruhy","เลนที่เชื่อมต่อกัน","","","ﺔﻠﺼﺘﻤﻟﺍ ﺕﺍﺭﺎﺤﻟﺍ"
"Overlay.Checkbox:Nodes and segments","Knoten und Segmente","Nodes and segments","Nodos y segmentos","Intersections et segments","Csomópontok és szegmensek","Nodi e segmenti","交差点と道路の表示","노드와 세그먼트","Kruisingen en segmenten","Pokaż węzły i segmenty","Nódulos e segmentos","Узлы и сегменты","道路交岔點和路段","道路节点和路段","Nodes and segments","Boğumlar ve parçalar","Показати вузли мапи та сегменти","Uzly a segmenty","Uzly a segmenty","โหนดและเซ็กเมนต์","","","ﻊﻃﺎﻘﺘﻟﺍﻭ ﺪﻘﻌﻟﺍ"
"Overlay.Checkbox:Lanes","Fahrspuren","Lanes","Carriles","Voies","Sávok","Corsie","車線","차선","Rijkstroken","Pasy","Faixas","Полосы движения","車道","车道","Lanes","Şeritler","Показати смуги руху","Jízdní pruhy","Jazdné pruhy","เลน","","","ﺕﺍﺭﺎﺤﻟﺍ"
"Overlay.Checkbox:Vehicles","Fahrzeuge","Vehicles","Vehículos","Les véhicules","A járművek","Veicoli","Vehicles","이동수단","Voertuigen","Pojazdy","Veículos","Транспортные средства","車輛","车辆","Vehicles","Taşıtlar","Показати автівки","Vozidla","Vozidlá","ยานพาหนะ","","","ﺕﺎﺒﻛﺮﻣ"
"Overlay.Checkbox:Citizens","Bürger","Citizens","Cims","Citoyens","Városlakók","Cittadini","Citizens","시민","Burgers","Obywatele","Cidadãos","Симы","市民","市民","Citizens","Vatandaşlar","Показати громадян","Obyvatelé","Občania","พลเมือง","","","ﻦﻴﻨﻃﺍﻮﻣ"
"Overlay.Checkbox:Buildings","Gebäude","Buildings","Edificios","Bâtiments","Épületek","Edifici","Buildings","빌딩","Gebouwen","Budynki","Construções","Строения","建築","建筑","Buildings","Yapılar","Показати будівлі","Stavby","Budovy","อาคาร","","","ﺕﺎﻳﺎﻨﺑ"
"Dialog.Text:Settings are stored in savegame","Einstellungen werden pro Spielstand gespeichert","Settings can only be changed whilst in-game, and are unique to each save game.","Los ajustes son definidos para cada partida por separado","Paramètres définis pour chaque sauvegarde séparément","A beállításokat csak a játék közben változtathatja meg, és minden mentett játékhoz egyedi.","I settaggi possono essere impostati separatamente per ogni salvataggio","設定は各セーブデータ毎に保存されます","설정은 게임 내에서만 변경할 수 있으며 저장된 게임마다 별개입니다.","Instellingen worden per spelstand opgeslagen","ustawienia są definiowane oddzielnie dla każdego zapisu","As configurações apenas podem ser modificadas durante o jogo, e são únicas para cada jogo salvo.","Настройки записываются отдельно в каждую сохранённую игру и менять вне игры их нельзя","每個存檔保有各自獨立的設定","此设置只能在游戏中更改, 且此设置只会单独保存正在游玩的存档中.","Settings can only be changed whilst in-game, and are unique to each save game.","Ayarlar kaydedilen oyunda saklanır","Налаштування зберігаються у збереженій грі, не можна редагувати налаштування без активного сеансу гри","Nastavení by mělo být upravováno za předpokladu že postup hry byl předtím uložen a načten","Nadstavenia by mali byť upravené za predpokladu že predtým hra bola uložená a načitaná","การตั้งค่าจะถูกเก็บไว้ใน savegame","","","ﺎﻬﻈﻔﺣ ﻢﺘﻳ ﺔﺒﻌﻟ ﻞﻜﻟ ﺔﻳﺩﺮﻓ ﻥﻮﻜﺗﻭ ﺐﻌﻠﻟﺍ ﺀﺎﻨﺛﺃ ﻻﺇ ﺕﺍﺩﺍﺪﻋﻹﺍ ﺮﻴﻴﻐﺗ ﻦﻜﻤﻳ ﻻ"
"Tab:Policies & Restrictions","Richtlinien","Policies","Normas","Politiques","Házirendje","Policies","ポリシーと制限","정책","Beleidsregels","Zasady","Políticas e Restrições","Политики","政策與限制","政策","Policies","Siyasalar & Kısıtlamalar","Обмеження","Pravidla & Omezení","Pravidlá & obmedzenia","นโยบายและข้อจํากัด","","","ﺕﺎﺳﺎﻴﺳ"
"VR.Group:At junctions","An Kreuzungen","At junctions","En los cruces","Aux intersections","A kereszteződésnél","Agli incroci","交差点で","교차로 설정","Bij splitsingen","Na skrzyżowaniach","Nos cruzamentos","На перекрёстках","位在交岔路口","路口","At junctions","Kavşaklarda","На перехрестях","Na křižovatkách","Na križovatkach","ที่ทางแยก","","","ﺕﺎﻌﻃﺎﻘﺘﻟﺍ ﺪﻨﻋ"
"VR.Checkbox:All vehicles may ignore lane arrows","Alle Fahrzeuge dürfen Richtungspfeile ignorieren","All vehicles may ignore lane arrows","Todos los vehículos pueden ignorar las flechas de los carriles","Tous les véhicules peuvent ignorer les directions des voies","Minden jármű figyelmen kívül hagyhatja a sávnyilakat","Tutti i veicoli possono ignorare le frecce di direzione","全車両に対して車線矢印の無視を許可","모든 차량이 차선 화살표를 무시할 수 있음","Alle voertuigen mogen voorsorteerpijlen negeren","Wszystkie pojazdy mogą ignorować strzałki pasów","Todos os veículos podem ignorar as setas das faixas","Весь транспорт может игнорировать стрелки движения","所有車輛可忽略車道遵行方向","所有车辆可忽略车道行车导向箭头","All vehicles may ignore lane arrows","Tüm taşıtlar şerit oklarını yoksayabilir","Всі авто можуть ігнорувати стрілки на смугах руху","Všechna vozidla mohou ignorovat směr jízdních pruhů","Všetky vozidlá môžu ingorovať smer jazdného pruhu","ยานพาหนะทั้งหมดอาจเพิกเฉยต่อลูกศรเลน","","","ﺕﺍﺭﺎﺤﻟﺍ ﻢﻬﺳﺃ ﺕﺎﺒﻛﺮﻤﻟﺍ ﻊﻴﻤﺟ ﻞﻫﺎﺠﺘﺗ ﺪﻗ"
"VR.Checkbox:Buses may ignore lane arrows","Busse dürfen Richtungspfeile ignorieren","Buses may ignore lane arrows","Buses pueden ignorar flechas de las vías","Les bus peuvent ignorer les directions des voies","A buszok figyelmen kívül hagyhatják a sávnyilakat","I bus possono ignorare le frecce di direzione","バスに対して車線矢印の無視を許可","버스는 차선 화살표를 무시할 수 있음","Bussen mogen voorsorteerpijlen negeren","Autobusy mogą ignorować strzałki pasów","Ônibus podem ignorar as setas das faixas","Автобусы могут игнорировать стрелки движения","公車可忽略車道遵行方向","公交车可忽略车道行车导向箭头","Buses may ignore lane arrows","Otobüsler şerit oklarını yoksayabilir","Автобуси можуть ігнорувати стрілки на смугах руху","Autobusy mohou ignorovat směr jízdních pruhů","Autobusy môžu ignorovať smer jazdných pruhov","รถประจำทางอาจเพิกเฉยต่อลูกศรของเลน","","","ﺕﺍﺭﺎﺤﻟﺍ ﻢﻬﺳﺃ ﺕﻼﻓﺎﺤﻟﺍ ﻞﻫﺎﺠﺘﺗ ﺪﻗ"
"VR.Checkbox:Vehicles may enter blocked junctions","Fahrzeuge dürfen in blockierte Kreuzungen einfahren","Vehicles may enter blocked junctions","Vehículos pueden entrar a cruces bloqueados","Les véhicules peuvent entrer dans les intersections bloquées","A járművek blokkolt kereszteződésekbe léphetnek be","I veicoli possono entrare/occupare un incrocio bloccato","交差点内での停車を許可","차량이 금지된 교차로에 들어갈 수 있음","Voertuigen moge geblokkeerde kruisingen oprijden","Pojazdy mogą wjeżdżać na zablokowane skrzyżowania","Veículos podem entrar em junções bloqueadas","Разрешить заезжать на заблокированные перекрёстки","塞車回堵時不用保持路口淨空。","车辆可以驶入堵塞的路口排队","Vehicles may enter blocked junctions","Taşıtlar engellenmiş kavşaklara girebilir","Дозволити в'їзд на будь-які заблоковані перехрестя","Vozidla mohou vjet do zaplněné křižovatky","Vozidlá môžu vojsť do zablokovanej križovatky","ยานพาหนะอาจเข้าสู่ทางแยกที่ถูกปิดกั้น","","","ﺓﺩﻭﺪﺴﻤﻟﺍ ﺕﺎﻌﻃﺎﻘﺘﻟﺍ ﻲﻓ ﺕﺎﺒﻛﺮﻤﻟﺍ ﻞﺧﺪﺗ ﺪﻗ"
"VR.Checkbox:Vehicles may do u-turns at junctions","Fahrzeuge dürfen an Kreuzungen wenden","Vehicles may do u-turns at junctions","Los vehículos pueden hacer giros en ""U"" en los cruces","Les véhicules peuvent faire demi-tour aux intersections","A járművek kereszteződéseknél fordulást tehetnek","I veicoli possono effettuare una svolta a ""U"" all'incrocio","交差点でのUターンを許可","차량이 교차로에서 유턴할 수 있음","Voertuigen kunnen u-bochten op kruisingen maken","Pojazdy mogą zawracać na skrzyżowaniach","Veículos podem fazer retorno nas junções","Транспорт может разворачиваться на перекрёстках","車輛可在路口迴轉","车辆可以在路口掉头","Vehicles may do u-turns at junctions","Taşıtlar kavşakta U-dönüşü yapabilir","Дозволити розвертатися де завгодно на перехрестях","Vozidla se mohou na křižovatce otočit","Vozidla sa môžu na križovatke otočiť","ยานพาหนะอาจกลับรถที่ทางแยก","","","ﺕﺎﻌﻃﺎﻘﺘﻟﺍ ﺪﻨﻋ ﺕﺎﺒﻛﺮﻤﻟﺍ ﺮﻳﺪﺘﺴﺗ ﺪﻗ"
"VR.Checkbox:Vehicles may turn on red","Fahrzeuge dürfen an roten Ampeln abbiegen","Vehicles may turn at red traffic lights","Los vehículos pueden girar en los semáforos rojos","Les véhicules peuvent tourner aux feux rouges","A járművek piros lámpánál fordulhatnak","I veicoli possono girare ai semafori rossi","車両が赤信号で曲がることがある","차량이 빨간불일때 진입할 수 있음","Voertuigen kunnen bij rode verkeerslichten draaien","Pojazdy mogą skręcić w prawo na czerwonym świetle","Veículos podem virar nos semáforos vermelhos","Разрешить поворот направо на красный","車輛可能會在紅色交通燈處轉彎","车辆可以在红灯时允许转弯","Vehicles may turn at red traffic lights","Taşıtlar kırmızı ışık yanarken de dönebilir","Дозволити повертати на червоне світло","Vozidla se mohou otočit na červených světlech","Vozidlá sa môžu otočiť na červenej","ยานพาหนะอาจเปิดไฟจราจรสีแดง","","","ﺀﺍﺮﻤﺤﻟﺍ ﺭﻭﺮﻤﻟﺍ ﺕﺍﺭﺎﺷﺇ ﺪﻨﻋ ﺕﺎﺒﻛﺮﻤﻟﺍ ﻒﻄﻌﻨﺗ ﺪﻗ"
"VR.Checkbox:Also apply to left/right turns between one-way streets","Gilt auch für Links- & Rechtskurven zwischen Einbahnstraßen","Also apply to left & right turns between one-way streets","Aplicar a giros izquierda/derecha en calles de un carril","Appliquer de même aux virages gauche/droite entre des rues à sens unique","Ugyanez vonatkozik az egyirányú utcák közötti bal és jobb fordulásra is","Also apply to left & right turns between one-way streets","一方通行路の左右の曲がり角にも適用","일반통행간의 좌회전/우회전에도 적용","Also apply to left & right turns between one-way streets","Uwzględnia również skręt w lewo/prawo pomiędzy drogami jednokierunkowymi","Aplicar a curvas à esquerda/direita entre ruas de mão única","Разрешить направо/налево между улицами с односторонним движением","亦套用在單行道路口的左右轉","单行道左右转均应用","Also apply to left & right turns between one-way streets","Tek yön sokaklar arasındaki sağ/sol dönüşlere de uygulansın","Також можна повертати на вулиці з однобічним рухом","Vztahuje se také na jednoproudové silnice","Vztahuje sa aj na jednopruhové cesty","นอกจากนี้ยังนําไปใช้กับเลี้ยวซ้าย / ขวาระหว่างถนนทางเดียว","","","ﺪﺣﺍﻮﻟﺍ ﻩﺎﺠﺗﻻﺍ ﺕﺍﺫﻭ ﻯﺮﺴﻴﻟﺍﻭ ﻰﻨﻤﻴﻟﺍ ﺕﺎﻔﻄﻌﻨﻤﻟﺍ ﻰﻠﻋ ﻖﺒﻄﻨﺗ"
"VR.Checkbox:Vehicles going straight may change lanes at junctions","Fahrz. dürfen die Spur wechseln, wenn sie an Kreuzungen geradeaus fahren","Vehicles going straight on may change lanes at junctions","Los vehículos que circulan recto pueden cambiar de pista en intersecciones","Les véhicules allant tout droit peuvent changer de voie aux intersections","Az egyenesen haladó járművek megváltoztathatják a sávokat a kereszteződéseknél","I veicoli che proseguono dritto possono cambiare corsia all'incrocio","直進車両の交差点での車線変更を許可","직진하는 차량이 교차로에서 차선을 변경할 수 있음","Voertuigen mogen van rijstrook wisselen als ze rechtdoor op kruisingen rijden","Pojazdy jadące na wprost mogą zmieniać pasy ruchu na skrzyżowaniach","Veículos seguindo reto podem mudar de faixa nos cruzamentos","Транспорт, идущий прямо, может менять полосы","直行車可在交岔路口上變換車道","直行车辆可以在路口变更车道","Vehicles going straight on may change lanes at junctions","Düz ilerleyen araçlar kavşaklarda şerit değiştirebilir","Дозволити міняти смуги руху на перехресті, якщо авто рухається прямо","Vozidla jedoucí rovně mohou změnit směr jízdy na křižovatce","Vozidlá idúce rovno môžu zmeniť smer jazdy na križovatke","รถที่วิ่งตรงไปอาจเปลี่ยนเลนที่ทางแยก","","","ﺕﺎﻌﻃﺎﻘﺘﻟﺍ ﺪﻨﻋ ﺕﺍﺭﺎﺤﻟﺍ ﺮﻴﻴﻐﺘﺑ ﻢﻴﻘﺘﺴﻣ ﻩﺎﺠﺗﺍ ﻲﻓ ﺮﻴﺴﺗ ﻲﺘﻟﺍ ﺕﺎﺒﻛﺮﻤﻟﺍ ﻡﻮﻘﺗ"
"VR.Checkbox:Vehicles follow priority rules at junctions with timedTL","Fahrzeuge befolgen an zeitgesteuerten Ampeln die Vorrangsregelung","Vehicles follow priority rules at junctions with timed traffic lights","Vehículos siguen reglas de prioridad en cruces semáforos cronometrados","Les véhicules suivent les règles de priorité aux carrefours avec des feux de circulations chronométrés","A járművek az elsődleges szabályokat a kereszteződéseknél, időzített jelzőlámpákkal követik","I veicoli seguono le regole di precedenza agli incroci con semafori a tempo","車両は時間設定付き信号機がある交差点で一般的な優先のルールに従います","차량이 신호등 시간표가 구성된 교차로에서 우선통행 표지판 규칙을 준수","Vehicles follow priority rules at junctions with timed traffic lights","Pojazdy poruszają się zgodnie z regułami pierwszeństwa na skrzyżowaniach z sygnalizacją czasową","Veículos seguem as regras de prioridades nos cruzamentos com semáforos","Транспорт следует приоритету на настраиваемых светофорах","車輛在自訂號誌燈的路口亦遵守優先通行規則","车辆优先通行规则适用于带定时红绿灯的路口","Vehicles follow priority rules at junctions with timed traffic lights","Taşıtlar süreli trafik ışıklı kavşaklarda öncelik kurallarına uysun","Транспорт поважає знаки пріоритету на перехрестях зі світлофорами","Vozidla budou dodržovat přednosti na křižovatce řízené semafory","Vozidlá budú dodržiavať prednosť na križovatkách riadenýmy semaformy","รถปฏิบัติตามกฎลำดับความสำคัญที่ทางแยกที่มีสัญญาณไฟจราจรตามกำหนดเวลา","","","ﺔﺗﻮﻗﻮﻤﻟﺍ ﺭﻭﺮﻤﻟﺍ ﺕﺍﺭﺎﺷﺇ ﻊﻣ ﺕﺎﻌﻃﺎﻘﺘﻟﺍ ﺪﻨﻋ ﺔﻳﻮﻟﻭﻷﺍ ﺪﻋﺍﻮﻗ ﺕﺎﺒﻛﺮﻤﻟﺍ ﻊﺒﺘﺗ"
"VR.Group:On roads","Auf Straßen","On roads","En calles","Sur les routes","Utakon","Su strade","道路上","도로 설정","On roads","Na drogach","Nas ruas","На дорогах","行駛於路上時","道路","On roads","Yollarda","На дорозі","Na silnicích","Na cestách","บนถนน","","","ﻕﺮﻄﻟﺍ ﻰﻠﻋ"
"VR.Checkbox:Ban private cars and trucks on bus lanes","Verbiete private Fahrzeuge und Lieferwagen auf Busspuren","Ban private cars and trucks on bus lanes","No permitir carros y camiones privados en carriles de buses","Interdire les voitures privées et les camions dans les couloirs de bus","Tiltja meg a személy- és teherautókat a buszvezetéken","Vieta alle auto e ai camion di utilizzare le corsie riservate ai bus","自家用車やトラックのバスレーン通行禁止","버스전용차로에 자가용과 트럭 통행을 금지","Ban private cars and trucks on bus lanes","Zakaz jazdy buspasem dla samochodów osobowych i ciężarówek","Banir carros particulares e caminhões nas linhas de ônibus","Запрет личных автомобилей и грузовиков на автобусных полосах","公車專用道上禁止私家車與卡車通行","禁止私家车和卡车驶入公交专用车道","Ban private cars and trucks on bus lanes","Kişisel taşıt ve kamyonlara otobüs şeritlerini yasakla","Заборонити приватні та вантажні авто на автобусних смугах","Zakázat osobní a nákladní automobily v pruhu pro autobus","Zakázať osobné autá a nakladiaky v pruhu pre autobusy","ห้ามรถยนต์ส่วนตัวและรถบรรทุก ขับบนถนนรถบัส","","","ﺕﻼﻓﺎﺤﻟﺍ ﺕﺍﺭﺎﺴﻣ ﻲﻓ ﺔﺻﺎﺨﻟﺍ ﺕﺎﻨﺣﺎﺸﻟﺍﻭ ﺕﺍﺭﺎﻴﺴﻟﺍ ﻝﻮﺧﺩ ﺮﻈﺣ"
"VR.Checkbox:Enable highway merging/splitting rules","Aktiviere spezifische Einordnungsregeln auf der Autobahn","Enable highway specific lane merging/splitting rules","Activar control de unión/división de vías de autopista","Activer les règles spécifiques de divergence/convergence sur les autoroutes","Az autópálya-specifikus sáv-összevonási / felosztás-szabályok engedélyezése","Abilita regolazione specifica per le corsie autostradali","高速道路特有の車線合流/分離ルールを適用する","고속도로 특정 차선 병합/분리 규칙 활성화","Activeer speciale verkeersregels op snelwegen","Aktywuj Zmienione zasady podziału/łączenia pasów dla autostrad","Habilitar regras de divisão e mesclagem de rodovia","Включить особые правила слияния/пересечения полос на шоссе","施行高速公路獨特的車道單邊出入規則","实施高速公路特定车道合流/分离规则","Enable highway specific lane merging/splitting rules","Otobana özel şerit tümleştirme/ayırma kurallarını etkinleştir","Дозволити спеціальні правила руху по смугах для шосе","Zapnout pravidla pro napojování/sjíždění z dálnice","Zapnúť pravidlá pre napojovanie/zjazdovanie z dialnic","เปิดใช้งานการรวม / แยกเลนเฉพาะทางหลวง","","","ﺓﺩﺪﺤﻤﻟﺍ ﺔﻌﻳﺮﺴﻟﺍ ﻕﺮﻄﻟﺍ ﺕﺍﺭﺎﺣ ﻢﻴﺴﻘﺗ ﺪﻋﺍﻮﻗ ﻞﻴﻌﻔﺗ"
"VR.Checkbox:Heavy trucks prefer outer lanes on highways","Schwere Laster bevorzugen die äußeren Spuren auf Autobahnen","Heavy vehicles prefer outer lanes on highways","Camiones prefieren los carriles exteriores en las autopistas","Les véhicules lourds préfèrent les voies extérieures sur les autoroutes","A nehéz járművek az autópályákon a külső sávokat részesítik előnyben","I veicoli pesanti preferiscono corsie esterne sulle autostrade","高速道路では大型車は外側車線を選択します","대형화물차량은 고속도로 바깥 차선을 선호","Zware vrachtverkeer verkiest buitenste rijstroken op snelwegen","Samochody ciężarowe preferują zewnętrzne pasy na autostradach","Os veículos pesados preferem faixas externas nas rodovias","Грузовой транспорт предпочитает внешние полосы шоссе","大型車在高速公路上優先行駛於外側車道","大型车辆在高速公路上优先行驶在外侧车道","Heavy vehicles prefer outer lanes on highways","Ağır taşıtlar otobanlarda dış şeridi tercih etsin","Вантажні авто намагатимуться рухатись по зовнішніх смугах на шосе","Nákladní automobily budou preferovat vnější jízdní pruhy na dálnicích","Nakladiaky budú preferovať vnejšie pruhy na dialniciach","รถบรรทุกหนักเบี่ยงไปเลนด้านนอกบนทางหลวง","","","ﺔﻌﻳﺮﺴﻟﺍ ﻕﺮﻄﻟﺍ ﻰﻠﻋ ﺔﻴﺟﺭﺎﺨﻟﺍ ﺕﺍﺮﻤﻤﻟﺍ ﺔﻠﻴﻘﺜﻟﺍ ﺕﺎﺒﻛﺮﻤﻟﺍ ﻞﻀﻔﺗ"
"VR.Group:In case of emergency/disaster","Im Notfall","In case of emergency","En caso de emergencia","En cas d'urgence","Sürgős esetben","In caso di emergenza","緊急の場合に","비상사태 시","In geval van nood","W sytuacjach nadzwyczajnych","Em caso de emergência","При стихийных бедствиях","在緊急狀況下","在紧急情况下","In case of emergency","Aciliyet/Afet durumunda","У випадку катастрофи або стихійного лиха","V případě nouze","V prípade núdze/katastrofy ","ในกรณีฉุกเฉิน","","","ﺉﺭﺍﻮﻄﻟﺍ ﺔﻟﺎﺣ ﻲﻓ"
"VR.Checkbox:Evacuation buses may ignore traffic rules","Evakuierungsbusse dürfen Verkehrsregeln missachten","Evacuation buses may ignore traffic rules","Los buses de evacuación pueden ignorar reglas de tránsito","Les bus d'évacuation peuvent ignorer les règles de trafic","Az evakuáló buszok figyelmen kívül hagyhatják a közlekedési szabályokat","I bus di evacuazione possono ignorare le regole stradali","避難バスは交通規則を無視するであろう","대피 버스는 교통규칙을 무시할수 있음","Evacuatiebussen mogen verkeersregels overtreden","Autobusy ewakuacyjne mogą ignorować przepisy","Os ônibus de evacuação podem ignorar as regras de trânsito","Автобусы эвакуации могут игнорировать правила движения","緊急疏散公車可忽略交通規則","应急疏散巴士可忽略交通规则","Evacuation buses may ignore traffic rules","Tahliye otobüsleri trafik kurallarını yok sayabilir","Евакуаційні автобуси можуть ігнорувати правила руху","Evakuační autobusy mohou ignorovat pravidla provozu","Evakuačné autobusy môžu ignorovať predpisy ","รถบัสอพยพอาจเพิกเฉยต่อกฎจราจร","","","ﺭﻭﺮﻤﻟﺍ ﺪﻋﺍﻮﻗ ﺀﻼﺧﻹﺍ ﺕﻼﻓﺎﺣ ﻞﻫﺎﺠﺘﺗ ﺪﻗ"
"Maintenance.Button:Reload global configuration","Globale Konfiguration neuladen","Reload global configuration","Recargar configuración global","Recharger la config. globale","Töltse újra a globális konfigurációt","Ricarica configurazione globale","グローバル設定のリロード","글로벌 설정 불러오기","Herlaad algemene configuratie","Przeładuj ustawienia globalne","Recarregar configuração global","Перезагрузить общую конфигурацию","重新載入所有設定","重新加载所有设置","Reload global configuration","Genel ayarları yeniden yükle","Перезавантажити глобальну конфігурацію","Znovu nahrát globální nastavení","Znovu načítať globálne nadstavenia","โหลดการกำหนดค่าทั้งหมด","","","ﻦﻳﻮﻜﺘﻟﺍ ﻞﻣﺎﻛ ﻞﻴﻤﺤﺗ ﺓﺩﺎﻋﺇ"
"Keybind:None","Nicht eing.","Not set","Ninguno","Aucun","Nincs","Non impostato","未設定","지정되지 않음","Geen","Nic","Nenhum","Не задано","無","无","Not set","Atanmadı","Немає","Žádné","Žiadné","ไม่มี","","","ﻁﻮﺒﻀﻣ ﺮﻴﻏ"
"Maintenance.Button:Remove all existing traffic lights","Entferne alle vorhandenen Ampeln","Remove all existing traffic lights","Eliminar todos los semáforos","Retirer tous les feux de circulation existants","Összes jelzőlámpa eltávolítása","Rimuovi tutti i semafori esistenti","既存の信号機をすべて削除する","존재하는 신호등 모두 제거","Verwijder alle bestaande verkeerslichten","Usuń wszystkie istniejące sygnalizacje świetlne","Remover todos os semáforos existentes","Удалить все светофоры на карте","移除所有現有的號誌燈","移除所有现有的红绿灯","Remove all existing traffic lights","Varolan tüm trafik ışıklarını kaldır","Видалити всі світлофори","Smazat veškeré existující světelné řízení křižovatek","Vymazať všetky existujúce semafory","ลบสัญญาณไฟจราจรที่มีอยู่ทั้งหมด","","","ﺓﺩﻮﺟﻮﻤﻟﺍ ﺭﻭﺮﻤﻟﺍ ﺕﺍﺭﺎﺷﺇ ﻊﻴﻤﺟ ﺔﻟﺍﺯﺇ"
"Maintenance.Dialog.Title:Remove all traffic lights","Entferne alle Ampeln","Remove all traffic lights","Eliminar todos los semáforos","Retirer tous les feux de circulation","Összes jelzőlámpa eltávolítása","Rimuovi tutti i semafori","すべての信号を削除する","모든 신호등 제거","Verwijder alle verkeerslichten?","Usuwanie sygnalizacji świetlnych","Remover todos os semáforos","Удаление всех светофоров на карте","移除所有的號誌燈","移除所有红绿灯","Remove all traffic lights","Mevcut trafik ışıklarını kaldır","Видалення всіх світлофорів","Smazání světelných řízení křižovatek","Vymazať všetky existujúce semafory","ลบสัญญาณไฟจราจรทั้งหมด","","","ﺭﻭﺮﻤﻟﺍ ﺕﺍﺭﺎﺷﺇ ﻊﻴﻤﺟ ﺔﻟﺍﺯﺇ"
"Maintenance.Dialog.Text:Remove all traffic lights, Confirmation","Wirklich alle existierenden Ampeln entfernen?","Are you sure you want to remove all existing traffic lights?","¿Estás seguro de que quieres eliminar todos los semáforos?","Êtes-vous sûr de vouloir retirer tous les feux de circulation ?","Biztosan törölni szeretné az összes jelzőlámpát","Sei sicuro di voler rimuovere tutti i semafori esistenti?","既存の信号機をすべて除去してもよろしいですか？","존재하는 신호등을 모두 제거하시겠습니까?","Bent u zeker dat je alle bestaande verkeerslichten wilt verwijderen?","Czy na pewno chcesz usunąć sygnalizację świetlną ze wszystkich skrzyżowań?","Você realmente deseja remover todos os semáforos existentes?","Это действие удалит все светофоры на текущей карте. Вы уверены?","是否確定要移除所有現有的號誌燈？","是否确认移除所有现有的红绿灯?","Are you sure you want to remove all existing traffic lights?","Mevcut tüm trafik ışıklarını kaldırmak istediğinizden emin misiniz?","Чи ви бажаєте очистити мапу від всіх світлофорів","Opravdu chcete smazat veškeré existující semafory ze všech křižovatek?","Vážne chcete vymazať všetky existujúce semafory?","คุณแน่ใจหรือไม่ว่าต้องการลบสัญญาณไฟจราจรที่มีอยู่ทั้งหมด","","","ﺔﻟﺍﺯﺇ ﺪﻳﺮﺗ ﻚﻧﺃ ﺪﻛﺄﺘﻣ ﺖﻧﺃ ﻞﻫ\n؟ﺓﺩﻮﺟﻮﻤﻟﺍ ﺭﻭﺮﻤﻟﺍ ﺕﺍﺭﺎﺷﺇ ﻊﻴﻤﺟ"
"VR.Checkbox:Automatically add traffic lights if applicable","Wo möglich, Ampeln automatisch hinzufügen","Automatically add traffic lights if applicable","Añadir automáticamente semáforos si es aplicable","Ajouter automatiquement les feux de signalisation si possible","Automatikusan adjon hozzá jelzőlámpákat, ha lehetséges","Aggiungi i semafori automaticamente se possibile","該当する場合、信号を自動的に追加する","해당되는 경우 자동으로 신호등 추가","Voeg automatisch verkeerslicht toe indien van toepassing","Automatycznie dodaj sygnalizację świetlną dla nowych skrzyżowań","Automaticamente adicionar semáforos se possível","Добавлять светофоры автоматически, где это применимо","如果允許，自動加入號誌燈","在合适的情况下自动增加红绿灯","Automatically add traffic lights if applicable","Eğer uygunsa trafik ışıklarını kendiliğinden ekle","Автоматично додавати світлофор, якщо це має сенс","Automaticky zapni semafory pokud je to možno","Automatický pridať semafor ak to je možné ","เพิ่มสัญญาณไฟจราจรโดยอัตโนมัติ ถ้ามี","","","ﻦﻜﻣﺃ ﻥﺇ ﺎﻴﺋﺎﻘﻠﺗ ﺭﻭﺮﻤﻟﺍ ﺕﺍﺭﺎﺷﺇ ﻒﺿﺃ"
"MassEdit.Group:Roundabouts","Kreisverkehr","Roundabouts","Rotonda","Ronds-points","Körforgalmak","Rotatorie","ラウンドアバウト","회전교차로 정책 설정","MassEdit.Group:Rotondes","Ronda","Rotatórias","Движение по кругу","圓環島","环岛","Roundabouts","Dönel kavşaklar","Круговий рух","Kruhový objezd","Kruhový objazd","วงเวียน","","","ﺕﺍﺭﺍﻭﺩ"
"MassEdit.Group.Priority roads","Vorfahrtsstraßen","High priority roads","Calles prioritarias","Priorité des routes","Felsőbbrendű utak","Strade prioritarie","優先道路","우선 주행 도로","Prioritaire wegen","Drogi priorytetowe","Ruas de prioridade","Главная дорога","優先道路","优先道路","Priority roads","Öncelikli yollar","Головна дорога","Hlavní silnice","Hlavné cesty","ถนนที่มีความสําคัญ","","","ﺔﻴﻟﺎﻌﻟﺍ ﺔﻳﻮﻟﻭﻷﺍ ﺕﺍﺫ ﻕﺮﻄﻟﺍ"
"Roundabout.Option:Allocate dedicated exit lanes","Dedizierte Ausfahrspuren zuweisen","Allocate dedicated exit lanes","Asignar carriles de salida dedicados","Attribuer des voies de sortie dédiées","","Alloca le corsie di uscita dedicate","専用の出口レーンを割り当てる","","","Przydziel dedykowane pasy zjazdu z ronda","Reservar faixas de saída dedicadas","Выделенные полосы для покидания круга","分配出口專用車道","自动分配专用出口车道","One dedicated lane for each exit; remaining lanes go straight","Belirlenmiş çıkış şeritleri ayır","","Vyhrazení pruhu pro opuštění kruhového objezdu","Vyhradenie pruhu pre opustenie cesty","จัดสรรช่องทางออกโดยเฉพาะ","","","ﺔﺼﺼﺨﻣ ﺝﻭﺮﺧ ﺕﺍﺮﻤﻣ ﺺﻴﺼﺨﺗ"
"Roundabout.Tooltip:Allocate dedicated exit lanes","Dedizierte Ausfahrspuren zuweisen","One dedicated lane for each exit, the rest of lanes go straight","Asignar carriles de salida dedicados","Attribuer des voies de sortie dédiées","","Alloca le corsie di uscita dedicate","各出口に1つの専用レーン、残りのレーンは直進","","","Dedykowany pas do zjazdu, pozostałe do jazdy na wprost","Apenas uma das faixas será dedicada para cada saída, o resto seguirá em frente","Крайние полосы будут назначены исключительно для съезда с круга","分配出口專用車道","每个出口将会分配一条专用的出口车道, 而其余的车道则会直行","One dedicated lane for each exit, the rest of lanes go straight","","","Vyhrazený pruh pro každý výjezd z kruhového objezdu,ostatní budou pokračovat rovně","Vyhradený pruh pre každý výjazd z kruhového objazdu, ostatné budú pokračovať rovno","จัดสรรช่องทางออกโดยเฉพาะ","","","ﻢﻴﻘﺘﺴﻣ ﻩﺎﺠﺗﺍ ﻲﻓ ﺕﺍﺭﺎﺤﻟﺍ ﺔﻴﻘﺑ ﺮﻴﺴﺗ ، ﺝﺮﺨﻣ ﻞﻜﻟ ﺔﺼﺼﺨﻣ ﺓﺭﺎﺣ"
"Roundabout.Option:Stay in lane inside roundabout","Keine Spurwechsel im Kreisverkehr","Stay in lane inside the roundabout","Mantenerse en el carril dentro de la rotonda","Rester sur sa voie dans le rond-point","","Rimane nella corsia all'interno della rotonda","ラウンドアバウト交差点内では車線にとどまる","","","'Pozostań na pasie' na drogach wewnątrz ronda","Permanecer na faixa dentro da rotatória","Оставаться в полосе внутри круга","將車道留在圓環內側","在环岛内道路辅助连接禁止变更车道","Stay in lane inside the roundabout","Dönel kavşak içinde şerit değiştirilmesin","","Zůstat v pruhu během jízdy v kruhovém objezdu","Zostať v pruhu počas jazdy v kruhovóm objazde ","อยู่ในเลนภายในวงเวียน","","","ﺭﺍﻭﺪﻟﺍ ﻞﺧﺍﺩ ﺓﺭﺎﺤﻟﺍ ﻲﻓ ﻖﺑﺍ"
"Roundabout.Option:Stay in lane outside roundabout","Keine Spurwechsel außerhalb eines Kreisverkers","Stay in lane on the roads approaching the roundabout","Mantenerse en el carril fuera de la rotonda","Restez dans la voie extérieure du rond-point","","Rimane nella corsia all'esterno della rotonda","ラウンドアバウト交差点に近づく道路で車線に留まる","","","'Pozostań na pasie' na drogach dojazdowych do ronda","Permanecer na faixa nas ruas de acesso à rotatória","Оставаться в полосе на подъезде к кругу","將車道留在圓環外側","在靠近环岛的道路辅助连接禁止变更车道","Stay in lane on the roads approaching the roundabout","Dönel kavşak dışında şerit değiştirilmesin","","Zůstat v pruhu při dosažení kruhovém objezdu","Zostať v pruhu pri dosiahnutí kruhového objazdu","อยู่ในเลนนอกวงเวียน","","","ﺭﺍﻭﺪﻟﺍ ﻦﻣ ﺏﺮﺘﻘﺗ ﻲﺘﻟﺍ ﻕﺮﻄﻟﺍ ﻰﻠﻋ ﺔﻳﺭﻭﺮﻤﻟﺍ ﺓﺭﺎﺤﻟﺍ ﻲﻓ ﻖﺑﺍ"
"Roundabout.Tooltip:Stay in lane outside roundabout","Fahrzeuge vor einem Kreisverkehr wechseln nicht die Spur","Vehicles shall not switch lanes too close to the roundabout","Manténerse en el carril fuera de la rotonda","Les véhicules ne doivent pas changer de voie trop près du rond-point","","Rimane nella corsia esterna della rotonda","車両は、ラウンドアバウト交差点に接近して車線を変更してはならない","","","Pojazdy nie powinny zmieniać pasa zbyt blisko ronda","Proibir a mudança de faixas de veículos muito próximos a rotatória","","將車道留在圓環外側","车辆不能在离环岛处过近的地方更换车道","Vehicles shall not switch lanes too close to the roundabout","Dönel kavşak dışında şeritte kalınsın","","Vozidla nesmí měnit jízdní pruhy příliš blízko kruhovému objezdu","Vozidlá nesmú zmeniť pruh blízko pri kruhovóm objazde","อยู่ในเลนนอกวงเวียน","","","ﺭﺍﻭﺪﻟﺍ ﻦﻣ ﺍﺪﺟ ﺔﺒﻳﺮﻘﻟﺍ ﺕﺍﺭﺎﺤﻟﺍ ﻞﻳﺪﺒﺗ ﺕﺎﺒﻛﺮﻤﻠﻟ ﺯﻮﺠﻳ ﻻ"
"Roundabout.Option:No crossing inside","Fußgänger betreten nicht die Mitte eines Kreisverkehrs","Pedestrians shall not cross to the center of roundabout","Prohibir a los peatones cruzar al centro de la rotonda","Les piétons ne doivent pas traverser vers le milieu du rond-point","","Nessun attraversamento all'interno","歩行者は、ラウンドアバウト交差点の中心部に進入してはならない。","","Voetgangers mogen de weg niet oversteken naar het midden van de rotonde","Pieszy nie powinni przechodzić przez drogę do środka ronda","Proibir a travessia de pedestres para o centro da rotatória","Запретить пешеходные переходы внутри круга","內部沒有行人穿越道","行人不能横穿环岛道路","Pedestrians shall not cross to the centre of the roundabout","Kavşak içinde yaya geçişi olmasın","","Chodci nesmí přecházet silnici uvnitř kruhového objezdu","Chodci nesmú prekráčať cestu vo vnútri kruhového objazdu","ไม่มีการข้ามด้านใน","","","ﺭﺍﻭﺪﻟﺍ ﻞﺧﺍﺩ ﻰﻟﺇ ﺓﺎﺸﻤﻟﺍ ﺭﻮﺒﻋ ﺯﻮﺠﻳ ﻻ"
"Roundabout.Option:No crossing on incoming roads","Keine Überquerung über ankommende Straßen","Pedestrians shall not cross the roads approaching the roundabout","Prohibir a los peatones cruzar las calles de acceso a la rotonda","Pas de croisement sur les routes entrantes","","Nessun attraversamento sulle strade in avvicinamento","歩行者は、ラウンドアバウト交差点に進入する道路を横断してはならない","","Voetgangers mogen de wegen die de rotonde naderen niet oversteken","Pieszy nie powinni przechodzić przez drogę tuż przed rondem","Proibir a travessia de pedestres nas ruas de acesso a rotatória","Запретить пешеходные переходы на подъездных дорогах к кругу","匝道交匯處無行人穿越道","行人不能横穿环岛各出入口道路","Pedestrians shall not cross the roads approaching the roundabout","","","Chodci nesmí přecházet silnici blízko kruhovému objezdu","Chodci nesmú prekráčať cestu blízko pri kruhovom objazde","ห้ามข้ามถนนขาเข้า","","","ﺭﺍﻭﺪﻟﺍ ﻰﻟﺇ ﺔﻳﺩﺆﻤﻟﺍ ﻕﺮﻄﻟﺍ ﺭﻮﺒﻋ ﺓﺎﺸﻤﻠﻟ ﺯﻮﺠﻳ ﻻ"
"Roundabout.Option:Set priority signs","Vorfahrtsschilder setzen","Add priority signs on the roundabout junction","Añade señales de prioridad en los cruces de la rotonda","Définir des panneaux de priorité","","Imposta i segnali di precedenza","ラウンドアバウト交差点に優先標識を追加する","","Voeg voorrangsborden toe op de rotonde","Dodaj znaki pierwszeństwa przejazdu na rondzie","Adicionar placas de prioridade na junção da rotatória","Установить знаки приоритета","設定道路優先權標誌","在环岛各路口添加<路口优先通行权>","Add priority signs on the roundabout junction","Öncelik işaretlerini ayarla","","Přidat přednost na kruhovém objezdu","Pridať prednosť na kruhovom objazde","กำหนดเครื่องหมายลำดับความสำคัญ","","","ﺭﺍﻭﺪﻟﺍ ﻊﻃﺎﻘﺗ ﺪﻨﻋ ﺔﻳﻮﻟﻭﻷﺍ ﺕﺍﺭﺎﺷﺇ ﻒﺿﺃ"
"Priority roads.Option:Allow far turns","Erlaube Fahrzeugen, von einer Straße über eine Spur abzubiegen/auf die Hauptstraße zu fahren (nicht empfohlen)","Allow cars to take far turn from/into main road (not recommended)","Permitir a los carros hacer giros lejanos desde y hacia la calle principal (no recomendado)","Option : Autoriser les virages lointains/éloignés","","Permette alle auto di svoltare lontano da/verso la strada principale (non raccomandato)","自動車の優先道路からの分流/合流を許可します（非推奨）","차량 중앙차선으로 회전 허용 (권장하지 않음)","Sta auto's toe ver af te slaan van / naar hoofdweg (niet aanbevolen)","Zezwól na wykonanie skrętu z przecięciem przeciwległej jezdni","Permitir que carros escolham uma curva mais distante de/para a rua principal (não recomendado)","Позволить повороты через встречную полосу","允許車輛可逕行從幹道轉入/轉入至幹道（不建議）","允许车辆驶入/驶出时横穿主干道 (不推荐)","Allow cars to take far turn from/into main road (not recommended)","Geniş dönüşlere izin ver","Дозволити поворот через смугу зустрічного руху","Povolit vzdálené otáčení vozidel z/na hlavní silnici (nedoporučujeme)","Povoliť vzdialené otáčanie vozideľ z/na hlavnú cestu (nedoporučujeme)","อนุญาตให้เลี้ยวได้ไกล","","","(ﻪﺑ ﻰﺻﻮﻣ ﺮﻴﻏ) ﻲﺴﻴﺋﺮﻟﺍ ﻖﻳﺮﻄﻟﺍ ﻰﻟﺇﻭ ﻦﻣ ﺍﺪﻴﻌﺑ ﻑﺎﻄﻌﻧﻻﺎﺑ ﺕﺍﺭﺎﻴﺴﻠﻟ ﺡﺎﻤﺴﻟﺍ"
"Priority roads.Tooltip:Allow far turns","Wenn aktiviert, werden die Fahrspurpfeile nicht geändert und Autos können den Mittelpunkt der Kreuzung überqueren (gilt nicht, wenn sich die Allee teilt)","If enabled, lane arrows are untouched and cars can cross road median (does not apply when splitting avenue).","Si está habilitado, flechas en los carriles no serán modificadas y los carros pueden cruzar la acera del medio de la calle (no aplica con avenidas divididas)","Info-bulle : Autoriser les virages lointains/éloignés","","Se abilitato, le frecce di corsia non verranno modificate e le auto possono attraversare il punto medio dell'incrocio (non si applica quando il viale si divide)","有効にすると、車線の矢印はそのままになり、車は道路の中央分離帯を横切ることができます（道を分割する場合は適用されません）。","활성화되면, 차선을 무시하고 차량이 도로 중앙으로 진입이 가능해집니다. (분할된 에비뉴 도로 미적용됨)","Indien ingeschakeld, blijven rijstrookpijlen onaangeroerd en kunnen auto's de mediaan van de weg oversteken (niet van toepassing bij het splitsen van de rijbaan).","Jeśli aktywne, strzałki pasów pozostają nietknięte a pojazdy mogą przecinać przeciwległą jezdnię","Caso ativado, as setas de faixa não serão modificadas e os carros poderão cruzar a mediana da rua (não se aplica ao dividir avenida).","Повороты через встречную полосу без разделителя полос","如果啟用此選項，車道箭頭將不改變，且車輛可逕行穿越道路中央（不適用含有分隔島的道路）","如果启用, 设置主干道时不更改车道行车导向箭头, 并且车辆可以正常横穿主干道 (不应用于有隔离带道路)","If enabled, lane arrows are untouched and cars can cross road median (does not apply when splitting avenue).","Geniş dönüşlere izin ver","Дозволити повороти через зустрічний рух, якщо немає розділювача смуг","Pokud je zapnuto, jízdní pruhy nejsou dotčeny a automobily mohou pokračovat","Ak je zapnuté, jazdné pruhy niesu dotykané a automobily môžu pokračovať","อนุญาตให้เลี้ยวได้ไกล","","",".(ﻖﻳﺮﻄﻟﺍ ﻢﻴﺴﻘﺗ ﺪﻨﻋ ﻖﺒﻄﻨﻳ ﻻ) ﻖﻳﺮﻄﻟﺍ ﻂﺳﻮﺘﻣ ﺭﻮﺒﻋ ﺕﺍﺭﺎﻴﺴﻠﻟ ﻦﻜﻤﻳﻭ ﺓﺭﺎﺤﻟﺍ ﻢﻬﺳﺄﺑ ﺱﺎﺴﻤﻟﺍ ﻢﺘﻳ ﻻ ﻦﻴﻜﻤﺘﻟﺍ ﺔﻟﺎﺣ ﻲﻓ"
"Priority roads.Option:Enter blocked yield road","Erlaube Fahrzeugen auf der Nebenstraße die Einfahrt in eine blockierte Hauptstraße","Allow cars on yield road to enter blocked main road","Permitir a los carros en calles prioritarias entrar en calles principales","Option : Entrer sur la route même bloquée","Elsőbbségadás kötelező táblánál az autók továbbhajthatnak","Consente alle auto su strade con obbligo di dare la precedenza di entrare su strade principali bloccate","高速道路上の車を通行止めの優先道路に進入させる","양보 표지판 도로에서 주행 중인 차량 꼬리물기 허용","Sta auto's toe om de geblokkeerde hoofdweg op te rijden vanuit de wegen die de hoofdweg voorrang moeten geven","Zezwól na wjazd z podporządkowanej na zablokowaną drogę z pierwszeństwem","Permitir que carros em espera entrem na rua principal bloqueada","Разрешить въезд на главную дорогу, занятую другими авто","允許支道車輛進入阻塞的幹道","允许驶入主干道的车辆可以驶入堵塞的路口排队","Allow cars on yield road to enter blocked main road","","Дозволити в'їзд на головну дорогу якщо місце зайнято іншими авто","Vozidla mohou na značce ""dej přednost"" vjet do zaplněné křižovatky","Vozidlá môžu vôjsť na značke ""daj prednosť v jazde"" do zaplnenej križovatky","เข้าสู่ถนน yield ที่ถูกบล็อก","","","ﺩﻭﺪﺴﻤﻟﺍ ﻲﺴﻴﺋﺮﻟﺍ ﻖﻳﺮﻄﻟﺍ ﻰﻟﺇ ﻝﻮﺧﺪﻠﻟ ﺔﻌﺿﺎﺨﻟﺍ ﻖﻳﺮﻄﻟﺍ ﻰﻠﻋ ﺕﺍﺭﺎﻴﺴﻠﻟ ﺡﺎﻤﺴﻟﺍ"
"Priority roads.Option:Stop signs on entry","Stoppschilder für Einfahrten auf Hauptstraßen verwenden","Use stop signs when entering main road","Señales de Stop al entrar","Option : Panneau Stop à l'entrée de route","Stop tábla a az út kezdeténél","Utilizza i segnali di stop quando si entra nella strada principale","幹線道路に入るときは一時停止標識を使用する","우선주행 도로에 진입하는 도로 표지판을 정지 표지판으로 대체","Gebruik stopborden bij het betreden van de hoofdweg","Używaj znaku stop na wjazdach drogi z pierwszeństwem","Utilizar placas de ""Pare"" nas entradas a ruas principais","Установить знаки Стоп на въезде","當匯入幹道時，使用「停」標誌","驶入主干道的标志使用<停车让行>","Use stop signs when entering main road","Yol girişinde Dur işareti","Встановити знаки Стоп на в'їзді до головної дороги","Použít STOP značku při vjezdu na hlavní silnici","Použiť značku ""STOP"" pri vchadzaniu na hlavnú cestu","ป้ายห้ามเข้า","","","ﻲﺴﻴﺋﺮﻟﺍ ﻖﻳﺮﻄﻟﺍ ﻝﻮﺧﺩ ﺪﻨﻋ ﻒﻗﻮﺘﻟﺍ ﺕﺎﻣﻼﻋ ﻡﺪﺨﺘﺳﺍ"
"Priority roads.Tooltip:Stop signs on entry","Wenn aktiviert, werden Stoppschilder an Straßen angebracht, die in die Hauptstraße münden. Wenn deaktiviert, werden stattdessen Vorfahrtsschilder angebracht","If enabled, puts stop signs on roads entering the main road. If disabled, puts yield signs instead","Agrega señales de stop en la entradas a la carretera prioritaria","Info-bulle : Panneau Stop/d'arrêt à l'entrée d'une route","Stop tábla a az út kezdeténél","Se abilitato, mette segnali di stop sulle strade che entrano in quella principale. Se disabilitato, invece, mette segnali di dare la precedenza","有効にすると、優先道路に入る道路に一時停止の標識が表示されます。 無効にすると、代わりに非優先標識を表示","해당 정책 활성화시, 우선주행 도로로 진입하는 도로에 정지표지판을 배치합니다.
/n비활성화되면 양보 표지판을 배치합니다.","Indien ingeschakeld, plaatst stopborden. Indien uitgeschakeld, plaats voorrangsborden.","Jeśli aktywne, ustawia znaki stop na drogach dojazdowych do drogi z pierwszeństwem, jeśli nie, używa znaków pierwszeństwa przejazdu","Caso ativado, põe placas de ""Pare"" nas ruas de entrada a rua principal. Caso desativado, põe placas de prioridade","Если включено, устанавливает на въездах на главную дорогу знаки Стоп. Иначе будут установлены знаки Уступить Дорогу.","如果啟用此選項，將放置「停」標誌在匯入幹道的支道。如果停用，則立即放置「讓」標誌。","如果启用, 支路驶入主干道的标志使用<停车让行>. 如果禁用, 标志则使用<减速让行>","If enabled, puts stop signs on roads entering the main road. If disabled, puts yield signs instead","Yol girişinde Dur işareti","Встановлює знаки Стоп на в'їздах на головну дорогу, інакше встановлює знаки Дати Дорогу","Použít STOP při vjezdu na hlavní silnici. V opačném případě ""dej přednost""","Ak aktivované, položí značku stop na cesty vchadzajúce na hlavnú cestu, Ak nie položiť značku prednosť v jazde","ป้ายห้ามเข้า","","","ﻚﻟﺫ ﻦﻣ ًﻻﺪﺑ ﺪﺋﺎﻌﻟﺍ ﺕﺎﻣﻼﻋ ﻊﻀﻳ ﻪﻧﺈﻓ ، ﻪﻠﻴﻄﻌﺗ ﻢﺗ ﺍﺫﺇ .ﻲﺴﻴﺋﺮﻟﺍ ﻖﻳﺮﻄﻟﺍ ﻞﺧﺪﺗ ﻲﺘﻟﺍ ﻕﺮﻄﻟﺍ ﻰﻠﻋ ﻒﻗﻮﺗ ﺕﺍﺭﺎﺷﺇ ﻊﻀﻳ ، ﻦﻴﻜﻤﺘﻟﺍ ﺔﻟﺎﺣ ﻲﻓ"
"Priority roads.Option:Allow pedestrian crossings on main road","Erlaube Fußgängerüberwege auf der Hauptstraße","Allow pedestrian crossings on main road","Permitir cruces de peatones en la calle principal","Autoriser les passages piétons sur les routes principales","Gyalogátkelőhelyek a felsőbbrendű úton","Abilita attraversamenti pedonali sulla strada principale","優先道路での横断歩道の許可","메인 도로에서 보행자 횡단 허용","Sta oversteekplaatsen toe op de hoofdweg","Zezwól na przejście dla pieszych na drodze głównej","Permitir cruzamento de pedestres em rua principal","Позволить пешеходные переходы на главной дороге","在幹道允許行人穿越道","允许主干道上存在人行横道","Allow pedestrian crossings on main road","Ana yolda yaya geçitlerine izin verin.","Дозволити пішохідні переходи на головній дорозі","Povolit chodcům přecházet silnici","Povoliť chodcom prechádzať cez hlavnu cest","อนุญาตให้คนเดินเท้าข้ามถนนสายหลัก","","","ﻲﺴﻴﺋﺮﻟﺍ ﻖﻳﺮﻄﻟﺍ ﻰﻠﻋ ﺓﺎﺸﻤﻟﺍ ﺭﻮﺒﻌﺑ ﺡﺎﻤﺴﻟﺍ"
"General.Slider:GUI scale","Größe der Benutzeroberfläche","User interface scale","Tamaño de la interfaz de usuario","Taille de l'interface","Grafikus felhasználói felület mérete","scala GUI","UIスケール","GUI 스케일","Gebruikersinterface schaal","Skala interfejsu użytkownika","Escala da interface de usuário","Масштаб пользовательского интерфейса","使用者介面大小","用户界面比例","User interface scale","Arayüz ölçeği","Масштаб графічного інтерфейсу користувача","Velikost uživatelského rozhraní","Velikosť uživatelského rozhrania","ขนาด User interface","","","ﻡﺪﺨﺘﺴﻤﻟﺍ ﺔﻬﺟﺍﻭ ﺱﺎﻴﻘﻣ"
"General.Tooltip.Format:GUI scale: {0}%","GUI-Skala: {0}%","Current GUI scale {0}%","Tamaño de la interfaz de usuario: {0}%","Info-bulle. Format : Échelle GUI : {0}%","Grafikus felhasználói felület {0}%","scala GUI: {0}%","現在のGUIスケール {0}%","현재 GUI 스케일 {0}%","Huidige GUI-schaal {0}%","Aktualna skala interfejsu {0}%","Escala da Interface {0}%","Текущий масштаб интерфейса {0}%","目前的使用者介面 {0}%","当前图形用户界面比例: {0}%","Current GUI scale {0}%","Arayüz ölçeği: {0}%","Зараз встановлено масштаб {0}%","Velikost rozhraní {0}%","Velikosť uživatelského rozhrania: {0}%","ขนาด GUI: {0}%","","","% {0} ﻲﻟﺎﺤﻟﺍ ﻡﺪﺨﺘﺴﻤﻟﺍ ﺔﻬﺟﺍﻭ ﺱﺎﻴﻘﻣ"
"General.Dropdown:Simulation accuracy","Genauigkeit der Simulation","Simulation accuracy","Precisión de la simulación","Précision de la simulation","Szimulációs pontosság","Precisione simulazione","シミュレーションの正確さ","시뮬레이션 정확도","Genauigkeit der Simulation","Dokładność symulacji","A precisão da simulação","Точность моделирования","模擬精準度","模拟真实度","Simulation accuracy","Simülasyon doğruluğu","Точність симуляції","Přesnost simulace","Prednosť simulacií","ความแม่นยําของการจําลอง","","","ﺓﺎﻛﺎﺤﻤﻟﺍ ﺔﻗﺩ"
"General.Dropdown.Option:Very low","Sehr niedrig","Very low","Muy bajo","Très basse","Nagyon alacsony","Molto basso","とても低い","매우 낮음","Zeer laag","Bardzo niska","Muito Baixa","Очень медленно","非常低","非常低","Very low","En düşük","Дуже низька","Velmi nízká","Veľmi malá","ต่ำมาก","","","ﺍﺪﺟ ﺾﻔﺨﻨﻣ"
"General.Dropdown.Option:Low","Niedrig","Low","Bajo","Basse","Alacsony","Basso","低い","낮음","Laag","Niska","Baixa","Замедленное","低","低","Low","Düşük","Низька","Nízká","Malá","ต่ำ","","","ﺾﻔﺨﻨﻣ"
"General.Dropdown.Option:Medium","Mittel","Medium","Medio","Moyenne","Közepes","Medio","中くらい","중간","Middelhoog","Średnia","Média","Среднее","中","中","Medium","Orta","Середня","Střední","Stredná","ปานกลาง","","","ﻂﺳﻮﺘﻣ"
"General.Dropdown.Option:High","Hoch","High","Alto","Haute","Magas","Alto","高い","높음","Hoog","Wysoka","Alta","Высокое","高","高","High","Yüksek","Висока","Vysoká","Vysoká","สูง","","","ﻲﻟﺎﻋ"
"General.Dropdown.Option:Very high","Sehr hoch","Very high","Muy alto","Très haute","Nagyon magas","Molto alto","とても高い","매우 높음","Zeer hoog","Bardzo wysoka","Muito Alta","Очень высоко","非常高","非常高","Very high","En yüksek","Дуже висока","Velmi vysoká","Veľmi vysoká","สูงมาก","","","ﺍﺪﺟ ﻲﻟﺎﻋ"
"Shortcut.Modifier:Shift","Shift","Shift","Mayúsculas","Maj","Shift","Shift","Shift","","Shift","Shift","Shift","Shift","Shift","Shift","Shift","Shift","Shift","Shift","Shift","Shift","","","Shift"
"Shortcut.Modifier:Ctrl","Ctrl","Ctrl","Control","Ctrl","Ctrl","Ctrl","Ctrl","","Ctrl","Ctrl","Ctrl","Ctrl","Ctrl","Ctrl","Ctrl","Ctrl","Ctrl","Ctrl","Ctrl","Ctrl","","","Ctrl"
"Shortcut.Modifier:Alt","Alt","Alt","Alt","Alt","Alt","Alt","Alt","","Alt","Alt","Alt","Alt","Alt","Alt","Alt","Alt","Alt","Alt","Alt","Alt","","","Alt"
"Shortcut:Click","Linke Maustaste","Click","Clic","Clic","Klikk","Click","クリック","","Klik","Klik","Clique","Клик","滑鼠左鍵","鼠标左键","Click","Tıklama","Клік","Klik","Klik","คลิก","","","Click"
"Shortcut:RightClick","Rechte Maustaste","Right Click","Click derecho","Clic droit","Jobb klikk","ClickDestro","右クリック","","Rechtermuisklik","PPM","Clique Direito","Правый Клик","滑鼠右鍵","鼠标右键","Right Click","Sağ tık","Правий Клік","Pravé tlačítko","Pravé tlačítko","คลิกขวา","","","Right Click"
"Shortcut:MiddleClick","Mittlere Maustaste","Middle Click","Rueda del ratón","Bouton du milieu","Középső egérgomb","ClickCentrale","中クリック","","Middelste muisklik","ŚPM","Clique do Meio","Средний Клик","滑鼠中鍵","鼠标中键","Middle Click","Orta tuş tıklaması","Середній Клік","Prostřední tlačítko","Stredné tlačítko","MiddleClick","","","Middle Click"
"Keybind.Esc:Cancel tool","Das Tool verlassen und TM:PE verstecken","Exit the tool and hide TM:PE","Cancelar herramienta","Annuler l'outil","Kilépés az eszközből","Annulla strumento","ツールを終了してTM:PEを非表示にする","","Verlaat de tool en verberg TM:PE","Wyjdź i ukryj menu TM:PE","Sair da ferramenta e esconder o TM:PE","Покинуть текущий режим и закрыть меню TM:PE","結束此工具並隱藏 TM:PE","关闭工具并隐藏TM:PE","Exit the tool and hide TM:PE","İptal etme aracı","Скасувати поточний режим та закрити панель TM:PE","Ukončit současný nástroj a schovat Traffic Manager","Ukončiť nastroj a schovať Traffic Managera","ยกเลิกเครื่องมือ","","","TM:PE ﺀﺎﻔﺧﺈﺑ ﻢﻗﻭ ﺓﺍﺩﻷﺍ ﻦﻣ ﺝﺮﺧﺍ"
"Keybind.RightClick:Leave node","Rechtsklick: Ausgewähltes Segment verlassen","Leave the selected node","Salir del nodo","Quitte l'outil noeud","","Lascia nodo","選択したノードを残す","","Verlaat het geselecteerde punt","Odznacz wybrany węzeł","Sair do nó selecionado","Покинуть выбранный перекрёсток или узел","留下選取的節點","取消选择该节点","Leave selected node","Kavşaktan ayrıl","Залишити обране перехрестя або вузол","Pravé kliknutí zruší výběr zvoleného uzlu","Pravé tlačítko zruší výber zvoleného uzlu","ออกจาก node","","","ﺓﺩﺪﺤﻤﻟﺍ ﺓﺪﻘﻌﻟﺍ ﻙﺮﺗﺍ"
"Keybind.RightClick:Leave segment","Das ausgewählte Segment verlassen","Leave the selected segment","Salir del segmento","Quitter le segment","","Lascia segmento","選択したセグメントを残す","","Verlaat segment","Odznacz wybrany segment","Sair do segmento selecionado","Покинуть выбранный сегмент дороги","留下選取的部分","取消选择该路段","Leave selected segment","Bu parçadan ayrıl","Залишити обраний сегмент шляху","Pravé kliknutí zruší výběr zvoleného segmentu","Pravé tlačítko zruší výber zvoleného segmentu","ออกจาก segment","","","ﺩﺪﺤﻤﻟﺍ ﻊﻄﻘﻤﻟﺍ ﻙﺮﺗﺍ"
"Keybind.RightClick:Leave lane","Die ausgewählte Fahrspur verlassen","Leave selected lane","Salir del carril","Quitter la voie de circulation ou d'intersection","","Lascia corsia","選択した車線をそのままにする","","Verlaat geselecteerde lijn","Odznacz wybrany pas","Sair da faixa selecionada","Покинуть режим редактирования полосы","保留車道","取消选择该车道","Leave selected lane","Şeritten ayrıl","Залишити обрану смугу руху","Opustit pruh","Opustiť pruh","ออกจาก lane","","","ﺩﺪﺤﻤﻟﺍ ﺭﺎﺴﻤﻟﺍ ﻙﺮﺗﺍ"
"Roundabout.Option:Yielding vehicles keep clear of blocked roundabout","Kreisverkehr freihalten und Vorfahrt gewähren","Yielding vehicles keep clear of blocked roundabout","Vehículos cediendo paso no bloquean la rotonda","Au rond-point, restez à l'écart pour céder le passage","","I veicoli cedevoli si tengono lontani dalle rotonde bloccate","非優先道路の迂回路を避ける","","","Oczekujące pojazdy nie wjeżdżają na zablokowane rondo","Carros em espera devem esperar o bloqueio na rotatória","","讓車輛避開堵塞的圓環區域","驶入环岛的车辆不能驶入堵塞的环岛排队","Yielding vehicles keep clear of blocked roundabout","","","","Vozidlá sa vyhýbajú zablokovaniu kruhového objazdu","ยานพาหนะที่ให้ทางให้หลีกเลี่ยงวงเวียนที่ถูกปิดกั้น","","","ﺩﻭﺪﺴﻤﻟﺍ ﺭﺍﻭﺪﻟﺍ ﻦﻋ ﺔﻠﻣﺎﺨﻟﺍ ﺕﺎﺒﻛﺮﻤﻟﺍ ﺪﻌﺘﺒﺗ"
"Roundabout.Tooltip:Yielding vehicles keep clear of blocked roundabout","Der Einfahrtsbereich in den Kreisverkehr wird freigehalten und die Fahrzeuge im Kreisverkehr haben Vorfahrt","If enabled, cars entering the roundabout will not enter blocked roundabout to avoid getting in the way of cars inside of the roundabout.
If disabled, traffic rule is untouched.","Vehículos cediendo paso no bloquean la rotonda","Au rond-point, restez à l'écart pour céder le passage","","I veicoli cedevoli si tengono lontani dalle rotonde bloccate","有効になっている場合、ラウンドアバウト交差点内の車の邪魔にならないように、ブロックされたときにラウンドアバウト交差点に入る車はラウンドアバウト交差点に入りません。
無効にすると、交通ルールは変更されません","","","Jeśli włączone pojazdy nie będą próbowały wjechać na zablokowane rondo co mogłoby tamować ruch na rondzie.\nJeśli wyłączone, aktualne ustawienie nie zostanie zmienione.","Caso habilitado, carros ao entrar a rotatória não irão furar o bloqueio de tráfego na rotatória.
Caso desabilitado, a regra de tráfego permanecerá intacta.","","讓車輛避開堵塞的圓環區域","如果启用, 即将驶入环岛的车辆将不会驶入堵塞的环岛排队, 以免妨碍环岛内车辆行驶.\n如果禁用, 交通规则将不受影响.","If enabled, cars entering the roundabout will not enter blocked roundabout to avoid getting in the way of cars inside of the roundabout.
If disabled, traffic rule is untouched.","","","","Vozidlá sa vyhýbajú zablokovaniu kruhového objazdu","ยานพาหนะที่ให้ทางให้หลีกเลี่ยงวงเวียนที่ถูกปิดกั้น","","","ﻝﺎﺠﻤﻟﺍ ﺢﺴﻔﺘﻟ ﺪﻌﺘﺑﺍ ، ﺭﺍﻭﺪﻟﺍ ﺪﻨﻋ"
"Roundabout.Option:Assign realistic speed limits to roundabouts","Kreisverkehren realistische Geschwindigkeitsbegrenzungen zuweisen","Assign realistic speed limits to roundabouts","Asigna límites de velocidad realistas a las rotondas","Attribuer des limites de vitesse réalistes aux ronds-points","","Assegna limiti di velocità realistici alle rotonde","ラウンドアバウト交差点に現実的な速度制限を割り当てる","","","Ustaw relistyczne limity prędkości na rondzie","Atribuir limites de velocidade realistas para rotatórias","","在圓環區域內設定實際速度限制","为环岛设置真实的速度上限","Assign realistic speed limits to roundabouts","Dönel kavşaklara gerçekçi hız limitleri ayarla","","Přiřadit realistické rychlosti pro kruhový objezd","Priradiť realistický rýchlostný limit pre kruhové objazdy","กําหนดขีด จํากัด ความเร็วที่สมจริงให้กับวงเวียน","","","ﺔﻳﺮﺋﺍﺪﻟﺍ ﺕﺎﻌﻃﺎﻘﺘﻠﻟ ﺔﻴﻌﻗﺍﻭ ﺔﻋﺮﺳ ﺩﻭﺪﺣ ﻦﻴﻋ"
"Roundabout.Tooltip:Assign realistic speed limits to roundabouts","Kreisverkehren realistische Geschwindigkeitsbegrenzungen zuweisen","reducing roundabout speed might reduce risk of accident in real word but does not boost traffic flow in this game.\n
This option is only for the purpose of adding realism to the game. ","Reducir velocidades en la rotonda reduce el riesgo de accidentes en la vida real pero no ayuda con el flujo de tráfico.\nEsta opción es solo para agregar realismo al juego.","Attribuer des limites de vitesse réalistes aux ronds-points","","Assegna limiti di velocità realistici alle rotonde","ラウンドアバウト交差点の速度を下げると、実際の事故のリスクが減る可能性がありますが、このゲームの交通量は増えません。\n
このオプションは、ゲームにリアリズムを追加することのみを目的としています。","","","Obniżenie limitu prędkości w rzeczywistości może zredukować ryzyko wypadków, ale niestety nie poprawi ono płynności ruchu w grze.\n Opcja tylko w celu zwiększenia relizmu w grze.","Atribuir limites de velocidade realistas para rotatórias","Задать реалистичное ограничение скорости для кругового движения","設定圓環區域內的實際速度限制","为环岛设置真实的速度上限","reducing roundabout speed might reduce risk of accident in real word but does not boost traffic flow in this game.\n
This option is only for the purpose of adding realism to the game. ","Dönel kavşaklara gerçekçi hız limitleri ayarla","","Nastaví realistické rychlosti pro kruhový objezd","Nadstavý realistický rýchlostný limit pre kruhové objazdy","กําหนดขีด จํากัด ความเร็วที่สมจริงให้กับวงเวียน","","","ﻊﻗﺍﻮﻟﺍ ﻲﻓ ﺙﺩﺎﺣ ﻉﻮﻗﻭ ﺮﻃﺎﺨﻣ ﻞﻴﻠﻘﺗ ﻰﻟﺇ ﻥﺍﺭﻭﺪﻟﺍ ﺔﻋﺮﺳ ﻞﻴﻠﻘﺗ ﻱﺩﺆﻳ ﺪﻗ\n.ﺔﺒﻌﻠﻟﺍ ﻩﺬﻫ ﻲﻓ ﺭﻭﺮﻤﻟﺍ ﺔﻛﺮﺣ ﻖﻓﺪﺗ ﺯﺰﻌﻳ ﻻ ﻪﻨﻜﻟﻭ\n.ﺔﺒﻌﻠﻟﺍ ﻰﻟﺇ ﺔﻴﻌﻗﺍﻮﻟﺍ ﺔﻓﺎﺿﺇ ﺽﺮﻐﻟ ﻂﻘﻓ ﻮﻫ ﺭﺎﻴﺨﻟﺍ ﺍﺬﻫ"
"Roundabout.Option:Put parking ban inside roundabouts","Parkverbot in Kreisverkehren festlegen","Put parking ban inside roundabouts","Prohibir estacionamientos dentro de las rotondas","Interdire le stationnement dans les ronds-points","","Vieta il parcheggio nelle rotonde","ラウンドアバウト内に駐車禁止を設置","","","Ustaw zakaz parkowania na drogach wewnątrz ronda","Proibir o estacionamento na rotatória","Запретить парковку на круговом движение","設定圓環內禁止停車政策","禁止环岛内停车","Put parking ban inside roundabouts","Dönel kavşak içine park yasağı koy","","Zakáže parkování uvnitř kruhového objezdu","Zakáže parkovanie vo vnútri kruhového objazdu","ห้ามจอดรถในวงเวียน","","","ﺭﺍﻭﺪﻟﺍ ﻞﺧﺍﺩ ﻑﻮﻗﻭ ﺮﻈﺣ ﻊﺿﻭ"
"Roundabout.Option:Put parking ban on roundabout branches","Parkverbot an Zufahrtsstraße zu Kreisverkehren festlegen","Put parking bans on roundabout branches","Prohibir estacionamientos en las entradas y salidas de las rotondas","Interdire le stationnement sur les routes entrantes/sortantes du rond-point","","Vieta il parcheggio sui bordi delle rotonde","ラウンドアバウト交差点の進入路に駐車禁止を設ける","","","Ustaw zakaz parkowania na drogach dojazdowych/zjazdowych ronda","Proibir o estacionamento nas ruas de entrada e saída da rotatória","","設定圓環聯外道路禁止停車政策","","Put parking bans on roundabout branches","Dönel kavşak dallarına park yasağı koy","","Zakáže parkování na okrajích kruhového objezdu","Zakáže parkovanie na okraji kruhového objazdu","วางมาตรการห้ามจอดรถในวงเวียน","","","ﺔﻳﺮﺋﺍﺪﻟﺍ ﻉﻭﺮﻔﻟﺍ ﻰﻠﻋ ﺮﻈﺣ ﻊﺿﻭ"
"VR.Option:No double crossings","Keine doppelten Übergänge","at a segment to segment transition, only the smaller segment gets crossings.","En una transición de segmento a segmento, solo los segmentos más pequeños muestran cruce peatonal","Dans une transition d'un segment à un autre, seul le plus petit segment aura un passage piéton","Nem lehetségesek dupla gyalogátkelők","Nessun doppio attraversamento","","","","Przejście dla pieszych tylko na węższym segmencie przy łączeniu segmentów różnej szerokości","Sem cruzamentos duplos","","沒有雙重路口","","at a segment to segment transition, only the smaller segment gets crossings.","","","","Dvojité priechody pre chodcov nie sú možné","ไม่มีการข้ามสองครั้ง","","","ﺕﺎﻌﻃﺎﻘﺗ ﻰﻠﻋ ﻂﻘﻓ ﺮﻐﺻﻷﺍ ﺀﺰﺠﻟﺍ ﻞﺼﺤﻳ ، ﺀﺰﺟ ﻰﻟﺇ ﺀﺰﺟ ﻦﻣ ﻝﺎﻘﺘﻧﻻﺍ ﻲﻓ"
"VR.Option:Dedicated turning lanes","","Dedicated turning lanes","","","","","","","","","","","","","Dedicated turning lanes","","","","","","","",""
