"","de","en","es","fr","hu","it","ja","ko","nl","pl","pt","ru","zh-tw","zh","en-gb","tr","uk","cz","sk","th","ro","oc","ar","id","vi","fi"
"TTL.Label:Adaptive step switching","Adaptive Schrittumschaltung","Adaptive step switching","Alternado de pasos Adaptivo","Commutation d'étape adaptative","Adaptív lépésváltás","Transizione di fase adattiva","適応ステップスイッチング","적응형 신호 변경","Aanpassende stappen overgang","Adaptacyjna zmiana kroku","Troca de passos adaptativa","Адаптивное переключение режимов светофора","自訂號誌燈切換條件","渐进逐步切换","Adaptive step switching","Uyarlanabilir aşama değiştirme","Адаптивне переключення кроків світлофору","Adaptivní změna kroku","Adaptívna zmena kroku","การสลับขั้นตอนแบบปรับเปลี่ยนได้","Comutare adaptivă în trepte","","ﺔﻴﻔﻴﻜﺘﻟﺍ ﺓﻮﻄﺨﻟﺍ ﺡﺎﺘﻔﻣ","Pergantian langkah dinamis","Việc chuyển đổi bước thích ứng",""
"TTL.Label:Flow ratio below wait ratio","Durchflussverhältnis < Warteverhältnis","More waiting than driving (default)","Esperar más que manejar (predeterminado)","Ratio de flux < Ratio d'attente","Több várakozás, mint haladás (alapbeállítás)","Più attesa che guida (impostazione predefinita)","待機率と通過率","대기 중이 운전 중보다 많음 (기본값)","Vloeiverhouding lager dan wachtverhouding","Współczynnik przepływu mniejszy niż współczynnik oczekiwania","Nível do fluxo menor que o nível de espera","Ждущих больше, чем едущих","車輛通過比率小於車輛停等比率","开车中车流量比等待中车辆少 (默认)","Flow ratio below wait ratio","Sürüşten çok bekleme olsun (varsayılan)","Більше очікують, ніж рухаються","Více čekání než jízdy (výchozí)","Viac čakania ako jazdy (predvolené)","อัตราส่วนการไหลต่ํากว่าอัตราส่วนการรอ","Raport de flux sub raportul de așteptare","","(ﻲﺿﺍﺮﺘﻓﺍ) ﺭﺎﻈﺘﻧﻻﺍ ﺔﺒﺴﻧ ﻦﻣ ﻞﻗﺃ ﺓﺩﺎﻴﻘﻟﺍ ﺔﺒﺴﻧ","Lebih banyak menunggu daripada berjalan (standar)","Nhiều xe chờ hơn xe đi (mặc định)",""
"TTL.Label:Flow ratio > 0","Durchflussverhältnis > 0","Someone is driving (flow>0)","Alguien está manejando (flujo>0)","Ratio de flux > 0","Van forgalom (haladás>0)","Qualcuno sta guidando (flusso>0)","通過率 > 0","누군가 운전하고 있음 (흐름>0)","Vloeiverhouding > 0","Współczynnik przepływu > 0","Nível de fluxo > 0","Есть едущие (интенсивность потока > 0)","車輛通過比率> 0","有车辆开车中 (车流量 > 0)","Flow ratio > 0","Birisi sürüyor (akış>0)","Хтось рухається","Někdo pojede (provoz > 0)","","อัตราส่วนการไหล > 0","Raport de flux > 0","","(0 < ﻖﻓﺪﺗ) ﺩﻮﻘﻳ ﺎﻣ ﺺﺨﺷ","Seseorang sedang berjalan (aliran>0)","Ai đó đang lái xe (lưu thông > 0)",""
"TTL.Label:Flow ratio is 0","Durchflussverhältnis = 0","No one is driving (flow=0)","Nadie está manejando (flujo=0)","Ratio de flux = 0","Nincs forgalom (haladás=0)","Nessuno sta guidando (flusso=0)","通過率 = 0","운전하는 사람이 없음 (흐름=0)","Vloeiverhouding = 0","Współczynnik przepływu jest równy 0","Nível de fluxo é 0","Никто не едет (интенсивность равна 0)","車輛通過比率=0","无车辆开车中 (车流量 = 0)","Flow ratio is 0","Kimse sürmüyor (akış=0)","Всі очікують","Nikdo nepojede (provoz < 0)","","อัตราส่วนการไหล = 0","Raportul de flux este 0","","(0 = ﻖﻓﺪﺘﻟﺍ) ﺩﻮﻘﻳ ﺪﺣﺃ ﻻ","Tidak ada yang berjalan (alur=0)","Không ai đang lái xe (lưu thông = 0)",""
"TTL.Label:Wait ratio > 0","Warteverhältnis > 0","Someone is waiting (wait>0)","Alguien está esperando (espera>0)","Ratio d'attente > 0","Várakozási idő > 0","Qualcuno sta aspettando (attesa>0)","待機率 > 0","누군가 기다리고 있음 (대기>0)","Wachtverhouding > 0","Współczynnik oczekiwania > 0","Nível de espera > 0","Есть ждущие (показатель ожидания > 0)","車輛停等比率>0","有车辆等待中 (等待车辆 > 0)","Wait ratio > 0","Birisi bekliyor (bekleme>0)","Хтось очікує","Někdo počká (provoz > 0)","Pomer čakania je viac 0","อัตราส่วนการรอ > 0","Raport de așteptare > 0","","(0 < ﺮﻈﺘﻧﺍ) ﺮﻈﺘﻨﻳ ﺎﻣ ﺺﺨﺷ","Seseorang sedang menunggu (tunggu>0)","Ai đó đang đợi đèn (đợi > 0)",""
"TTL.Label:Wait ratio is 0","Warteverhältnis = 0","No one is waiting (wait=0)","Nadie está esperando (espera=0)","Ratio d'attente = 0","Várakozási idő: 0","Nessuno sta aspettando (attesa=0)","待機率 = 0","아무도 기다리지 않음 (대기=0)","Wachtverhouding = 0","Współczynnik oczekiwania jest równy 0","Nível de espera é 0","Никто не ожидает (показатель равен 0)","車輛停等比率=0","无车辆等待中 (等待车辆 = 0)","Wait ratio is 0","Kimse beklemiyor (bekleme=0)","Ніхто не очікує","Nikdo nečeká","Pomer čakania je 0","อัตราส่วนการรอ = 0","Raportul de așteptare este 0","","(0 = ﺮﻈﺘﻧﺍ) ﺮﻈﺘﻨﻳ ﺪﺣﺃ ﻻ","Tidak ada yang menunggu (tunggu=0)","Không ai đang đợi đèn (đợi = 0)",""
"Dialog.Text:Node has timed TL script","Die Kreuzung wird von einer Zeitsteuerung kontrolliert.\nWähle ""Zeitgesteuerte Ampeln"" aus, klicke auf die Kreuzung und klicke auf ""Entfernen"".","Junction is part of a timed script.\nSelect ""Timed traffic lights"", click on this node and click on ""Remove"" first.","El cruce es parte de un programa temporizado.\nSelecciona ""Semáforos programados"", haz clic en este cruce y luego en ""Eliminar"".","Cette intersection a des feux chronométrés.\nSélectionnez ""Feux tricolores chronométrés"", cliquer sur l'intersection, puis sur ""Retirer"" d'abord.","A csomópont egy időzített szkript része. \nVálassza a ""Időzített jelzőlámpa"" pontot, kattintson erre a csomópontra, majd kattintson az ""Eltávolítás"" elemre.","In questo incrocio c'è un semaforo temporizzato\nPrima devi selezionare ""Semafori temporizzati"", cliccare su questo nodo e cliccare sul tasto ""Rimuovi"".","この交差点には時間設定付き信号があります。\nまず「時間設定付き信号」を選んでこの交差点をクリックして「削除」をクリックしてください。","이미 신호등 시간표가 설정되어 있습니다.\n""신호등 시간표 설정""을 선택하고 이 노드를 클릭한 다음 ""삭제""를 먼저 클릭하십시오.","De kruising heeft tijdgestuurde stoplichten.\nJe kunt de tijdsturing verwijderen door op ""Tijdgestuurde stoplichten"" te klikken, daarn op de kruising en daarna op ""Verwijderen"".","Skrzyżowanie jest częścią skryptu czasowego. \nWybierz ""Sygnalizacja Czasowa"", najpierw kliknij na tym węźle i potem na ""Usuń"".","Este cruzamento é parte de um script cronometrado.\nPrimeiro selecione ""Semáforos cronometrados"", selecione este cruzamento e clique em remover.","Перекрёсток входит в группу перекрёстков с настраиваемым светофором.\nВыберите ""Настраиваемый светофор"", нажмите на этот узел и выберите ""Удалить""","具有自訂程序燈號的道路交岔點。\n先選用「號誌燈時相設定」，再點選該道路交岔點並點選「移除」以移除設定。","此路口有设置定时红绿灯.\n请先选择<定时红绿灯设置>, 再选该节点后点<删除>以删除设置.","Junction is part of a timed script.\nSelect ""Timed traffic lights"", click on this node and click on ""Remove"" first.","Boğumda süreli TI betiği var","Перехрестя входить до групи світлофорів з таймером","Křižovatka je součástí skriptu.\nZvolte ""Časované semafory"", klikněte na tento uzel a poté ""Odstranit"".","","Node ได้หมดเวลาสคริปต์ TL","Nodu are script pentru semafor cronometrat","",".ﻲﻨﻣﺯ ﺺﻧ ﻦﻣ ﺀﺰﺟ ﻕﺮﻔﻣ\n""ﺔﺗﻮﻗﻮﻤﻟﺍ ﺭﻭﺮﻤﻟﺍ ﺕﺍﺭﺎﺷﺇ"" ﺩﺪﺣ\n.ًﻻﻭﺃ ""ﺔﻟﺍﺯﺇ"" ﻰﻠﻋ ﺮﻘﻧﺍﻭ ﺓﺪﻘﻌﻟﺍ ﻩﺬﻫ ﻰﻠﻋ ﺮﻘﻧﺍﻭ","Persimpangan ini merupakan bagian dari lampu lalu lintas berwaktu.\nPilih ""Lampu lalu lintas berwaktu"", pilih titik hubung ini dan pilih ""Hapuskan"" terlebih dahulu.","Giao lộ đang nằm trong kịch bản hẹn giờ.\nChọn ""Hẹn giờ đèn giao thông"", nhấp vào điểm nút này và nhấp vào ""Loại bỏ"" trước",""
"Dialog.Text:Node is level crossing","Diese Kreuzung ist ein Bahnübergang.\nDu kannst die Ampeln hier nicht entfernen.","This junction is a level crossing.\nYou cannot disable traffic lights here.","This junction is a level crossing.\nYou cannot disable traffic lights here.","Cette intersection est un passage à niveau.\nVous ne pouvez pas désactiver les feux de circulation ici.","Ez egy vasúti kereszteződés. \nItt nem kapcsolható ki a jelzőlámpa.","Questo è un passaggio a livello.\nNon puoi disabilitare i semafori qui.","この交差点は踏切です。\nここで信号機を無効にすることはできません。","이 교차로는 철도 건널목입니다.\n여기서는 교통신호를 비활성화할 수 없습니다.","Deze kruising is een overweg. \nJe kunt hier geen verkeerslichten uitschakelen.","To jest przejazd kolejowy. \nNie możesz tutaj wyłączyć sygnalizacji!","Este cruzamento é uma passagem de nível.\nVocê não pode desabilitar os semáforos aqui","Это железнодожный переезд.\nЗдесь нельзя отключить светофоры.","此路口為平交道。\n 無法停用此處之號誌燈","此节点级别交汇, 不可禁用红绿灯. ","This junction is a level crossing.\nYou cannot disable traffic lights here.","Bu kavşak hemzemin geçişli.\nTrafik ışıklarını burada devre dışı bırakamazsınız","Перехрестя є залізничним перехрестям","Zvolený uzel se kříží","Táto križovatka je úrovňovou križovatkou.\nTu nie je možné vypnúť svetelnú signalizáciu.","Node กําลังข้ามระดับ","","",".ﻱﻮﺳ ﺮﺒﻌﻣ ﻮﻫ ﻊﻃﺎﻘﺘﻟﺍ ﺍﺬﻫ\nﺎﻨﻫ ﺭﻭﺮﻤﻟﺍ ﺕﺍﺭﺎﺷﺇ ﻞﻴﻄﻌﺗ ﻚﻨﻜﻤﻳ ﻻ","Titik hubung ini adalah penyeberangan rel.\nAnda tidak dapat menonaktifkan lampu lalu lintas di sini.","Giao lộ này có cả đường sắt.\nBạn không thể tắt đèn giao thông ở đây.",""
"Dialog.Text:Incompatible traffic light script","Das ausgewählte Ampelprogramm ist inkompatibel zu dieser Kreuzung","The chosen traffic light pattern is incompatible with this junction","El programa de semáforo elegido es incompatible para este cruce","Le modèle de chronométrage choisi est incompatible avec cette intersection","A kiválasztott jelzőlámpa-minta nem kompatibilis ezzel a csomóponttal","Lo schema semaforico scelto è incompatibile con questo incrocio","選択された信号パターンはこの交差点と互換性がありません","선택한 교통 신호등 패턴이 이 교차로와 호환되지 않습니다","Het geselecteerde stoplichtenprogramma is niet compatibel met deze kruising","Wybrany szablon sygnalizacji jest niekompatybilny z tym skrzyżowaniem","O padrão de semáforo escolhido é incompatível com este cruzamento","Выбранный режим светофора несовместим с данным перекрёстком (количество дорог отличается)","所選的號誌燈時相不適用於此交叉路口","所选择的红绿灯模式不能用于此路口","The chosen traffic light pattern is incompatible with this junction","Seçilen trafik ışığı örüntüsü bu kavşakla uyumsuzdur","Несумісний сценарій світлофора з таймером (кількість вулиць різна)","Nekompatibilní skript semaforu","Nekompatibilný skript semaforu","สคริปต์สัญญาณไฟจราจรที่เข้ากันไม่ได้","Script-ul pentru semafor este incompatibil","","ﻊﻃﺎﻘﺘﻟﺍ ﺍﺬﻫ ﻊﻣ ﻖﻓﺍﻮﺘﻣ ﺮﻴﻏ ﺭﺎﺘﺨﻤﻟﺍ ﺭﻭﺮﻤﻟﺍ ﺓﺭﺎﺷﺇ ﻂﻤﻧ","Pola lampu lalu lintas tidak kompatibel dengan persimpangn ini.","Kiểu đèn giao thông được chọn không phù hợp với giao lộ này",""
"TTL.Label:Select junction","Wähle eine Kreuzung aus","Select a junction","Seleccionar un cruce","Sélectionnez une intersection","Válasszon egy kereszteződést","Seleziona un incrocio","交差点を選択してください","교차로 선택","Selecteer een kruising","Wybierz skrzyżowanie","Selecionar cruzamento","Добавление перекрёстка в список","選取一處道路交叉點","请选择另一个路口","Select a junction","Kavşak seç","Оберіть перехрестя","Vyberte křižovatku","Vybrať križovatku","เลือกทางแยก","Selectaţi intersecție","","ﻕﺮﻃ ﻊﻃﺎﻘﺗ ﺩﺪﺣ","Pilih persimpangan","Chọn một giao lộ",""
"Button:Cancel","Abbrechen","Cancel","Cancelar","Annuler","Mégse","Annulla","キャンセル","취소","Afbreken","Anuluj","Cancelar","Отмена","取消","取消","Cancel","İptal","Відміна","Zrušit","Zrušiť","ยกเลิก","Anulare","Annular","ﺀﺎﻐﻟﺇ","Batalkan","Đóng",""
"Format:State {0}: (min/max) {1}..{2}","Schritt {0}: (min/max) {1}..{2}","State {0}: (min/max) {1}..{2}","Estado {0}: (min/max) {1}..{2}","État {0}: (min/max) {1}..{2}","Állapot {0}: (min/max) {1}..{2}","Stato {0}: (min/max) {1}..{2}","状態 {0}: (最短/最長) {1}..{2}","상태 {0}: (최소/최대) {1}..{2}","Stap {0}: (min/max) {1}..{2}","Stan {0}: (min/max) {1}..{2}","Estado {0}: (min/max) {1}..{2}","Состояние {0}: от {1} до {2}","狀態 {0}: (最短/最長) {1}..{2}","状态 {0}: (最短/最长) {1}..{2}","State {0}: (min/max) {1}..{2}","Durum {0}: (asg/azm) {1}..{2}","Крок {0}: (мін./макс) {1}..{2}","Stav {0}: {1}..{2}","Stav {0}: (min/max) {1}..{2}","สถานะ {0}: (ต่ำสุด / สูงสุด) {1}..{2}","Stare {0}: (min/max) {1}..{2}","","ﺔﻟﺎﺤﻟﺍ {0}: (ﻰﺼﻗﻷﺍ/ﻰﻧﺩﻷﺍ) {1}..{2}","Status {0} (min/maks) {1}..{2}","Trạng thái {0}: (min/max) {1}..{2}",""
"Format:State {0}: {1}..{2}","Schritt {0}: {1}..{2}","State {0}: {1}..{2}","Estado {0}: {1}..{2}","État {0}: {1}..{2}","Állapot {0}: {1}..{2}","Stato {0}: {1}..{2}","状態 {0}: {1}..{2}","상태 {0}: {1}..{2}","Stap {0}: {1}..{2}","Stan {0}: {1}..{2}","Estado {0}: {1}..{2}","Состояние {0}: {1}..{2}","狀態 {0}: {1}..{2}","状态 {0}: {1}..{2}","State {0}: {1}..{2}","Durum {0}: {1}..{2}","Крок {0}: {1}..{2}","Stav {0}: {1}..{2}","Stav {0}: {1}..{2}","สถานะ {0}: {1}..{2}","Stare {0}: {1}..{2}","","ﺔﻟﺎﺤﻟﺍ {0}: {1}..{2}","Status {0): {1}..{2}","Trạng thái {0}: {1}..{2}",""
"Format:Avg. flow: {0:0.##} avg. wait: {1:0.##}","Fahrend: {0:0.##} wartend: {1:0.##}","Avg. flow: {0:0.##} avg. wait: {1:0.##}","Promedio transito: {0:0.##} espera: {1:0.##}","Flux moy.: {0:0.##} attente moy.: {1:0.##}","Átl. haladás: {0:0.##} átl. várakozás: {1:0.##}","Flusso medio: {0:0.##} attesa media: {1:0.##}","平均流量: {0:0.##} 平均待ち: {1:0.##}3","평균 흐름: {0:0.##} 평균 대기: {1:0.##}","Rijdend: {0:0.##} wachtend: {1:0.##}","śr. przepływ: {0:0.##} śr. oczekiwanie: {1:0.##}","Fluxo médio: {0:0.##} espera média: {1:0.##}","Сред. поток: {0:0.##} сред. ожидание: {1:0.##}","平均通過: {0:0.##} 平均停等: {1:0.##}","平均车流量: {0:0.##} 平均等待: {1:0.##}","Avg. flow: {0:0.##} avg. wait: {1:0.##}","Ort. akış: {0:0.##} ort. bekleme: {1:0.##}","Середній потік {0:0.##} очікування: {1:0.##}","Průměrný provoz: {0:0.##}. Čekejte: {1:0.##}","Priemerná premávka: {0:0.##}. Priemerné čakanie: {1:0.##}","การไหล: {0:0.##} เฉลี่ย รอ: {1:0.##}","Flux mediu: {0:0.##} medie. așteptare: {1:0.##}","","{1:0.##} :ﺭﺎﻈﺘﻧﻻﺍ {0:0.##} :ﺓﺩﺎﻴﻘﻟﺍ","Aliran rata-rata: {0:0.##) rata-rata menunggu: {1:0.##}","Số xe đi. flow: {0:0.##} số xe chờ: {1:0.##}",""
"TTL.Button:Skip","Weiter","Skip","Saltar","Passer","Kihagyás","Salta","次へ","스킵","Verder","Pomiń","Pular","Пропустить","跳過","跳过","Skip","Atla","Пропустити","Přeskočit","Preskočiť","ข้าม","Omitere","Sautar","ﻰﻄﺨﺗ","Lewatkan","Bỏ qua",""
"TTL.Button:up","hoch","up","arriba","haut","fel","Su","上へ","위로","omhoog","w górę","cima","выше","上移","上移","up","Yukarı","Вище","Nahoru","hore","ขึ้น","Sus","naut","ﻕﻮﻓ","Ke atas","lên",""
"TTL.Button:down","runter","down","abajo","bas","le","Giù","下へ","아래로","omlaag","w dół","baixo","ниже","下移","下移","down","Aşağı","Нижче","Dolů","dole","ลง","Jos","bas","ﺖﺤﺗ","Ke bawah","xuống",""
"Button:Edit","Bearbeiten","Edit","Editar","Modifier","Szerkesztés","Modifica","編集","수정","Wijzigen","Edytuj","Editar","Править","編輯","编辑","Edit","Düzenle","Редагувати","Upravit","Upraviť","แก้ไข","Editare","Modificar","ﻞﻳﺪﻌﺗ","Edit","Sửa đổi",""
"Button:Delete","Löschen","Delete","Borrar","Suppr.","Töröl","Elimina","削除","삭제","Verwijderen","Skasuj","Apagar","Удалить","刪除","删除","Delete","Kaldır","Видалити","Smazat","Odstrániť","ลบ","Ștergere","Suprimir","ﻑﺬﺣ","Hapuskan","Xóa",""
"Button:View","Anzeigen","View","Ver","Voir","Nézet","Vedi","表示","보기","Weergeven","Wyświetl","Ver","Смотреть","檢視","视图","View","Görüntüle","Перегляд","Zobrazit","Zobraziť","ดู","Vezi","Veire","ﺽﺮﻋ","Lihatkan","Xem",""
"TTL.Label:Min. time:","Min. Zeit:","Min. Time:","Tiempo min:","Temps Min :","Min. Idő:","Tempo min.:","最短時間:","최소 시간 :","Min. tijd:","Min. Czas:","Tempo Min.:","Мин. время:","最短時間","最短时间:","Min. Time:","Asg. zaman:","Мін. час:","Min. čas:","Minimálny čas:","นาที. เวลา:","Timp minim:","Temps Min:",":ﻰﻧﺩﻷﺍ ﺖﻗﻮﻟﺍ","Waktu Min.:","Tối thiểu:",""
"TTL.Label:Max. time:","Max. Zeit:","Max. Time:","Tiempo máx:","Temps Max :","Max. Idő:","Tempo max.:","最長時間:","최대 시간 :","Max. tijd:","Max. Czas:","Tempo Max.:","Макс. время:","最長時間","最长时间:","Max. Time:","Azami zaman:","Макс. час:","Max. čas:","Maximálny čas:","สูงสุด เวลา:","Timp maxim:","Temps Max:",":ﻰﺼﻗﻷﺍ ﺖﻗﻮﻟﺍ","Waktu Maks.:","Tối đa:",""
"Button:Save","Speichern","Save","Guardar","Sauvegarder","Mentés","Salva","保存","저장","Opslaan","Zapisz","Salvar","Сохранить","儲存","保存","Save","Kaydet","Зберегти","Uložit","Uložiť","บันทึก","Salvare","Salvagardar","ﻆﻔﺣ","Simpan","Lưu",""
"Button:Add","Hinzufügen","Add","Agregar","Ajouter","Hozzáad","Aggiungi","追加","추가","Toevoegen","Dodaj","Adicionar","Добавить","增加","添加","Add","Ekle","Додати","Přidat","Pridať","เพิ่ม","Adăugare","Ajustar","ﻒﺿﺍ","Tambah","Thêm",""
"TTL.Button:Add step","Schritt hinzufügen","Add step","Añadir fase","Ajouter un état","Lépés hozzáadása","Aggiungi fase","状態の追加","단계 추가","Stap toevoegen","Dodaj krok","Adicionar Passo","Добавить шаг","增加時相","添加定时","Add step","Aşama ekle","Новий крок","Přidat krok","Pridať krok","เพิ่มขั้นตอน","Adaugă pas","Ajustar una etapa","ﺓﻮﻄﺧ ﻒﺿﺃ","Tambah langkah","Thêm hẹn giờ",""
"TTL.Button:Hide counters","Zähler verstecken","Hide counters","Ocultar contadores","Masquer les compteurs","A számlálók elrejtése","Nascondi conto alla rovescia","カウンターの非表示","카운터 숨기기","Tellers verbergen","Ukryj liczniki","Ocultar contadores","Скрыть счётчики","隱藏讀秒","隐藏计数器","Hide counters","Sayacı gizle","Сховати лічильники","Skrýt čítače","Skryť počítadlá","ซ่อนตัวนับ","Ascundere contoare","","ﺕﺍﺩﺍﺪﻌﻟﺍ ﺀﺎﻔﺧﺇ","Hilangkan angka waktu","Ẩn bộ đếm giờ",""
"TTL.Button:Show counters","Zähler anzeigen","Show counters","Mostrar contadores","Afficher les compteurs","Mutasd a számlálókat","Mostra conto alla rovescia","カウンターの表示","카운터 보이기","Tellers tonen","Pokaż liczniki","Mostrar contadores","Показать счётчики","顯示讀秒","显示计数器","Show counters","Sayacı göster","Показати лічильники","Zobrazit čítače","Zobraziť počítadlá","แสดงตัวนับ","Arată contoarele","","ﺕﺍﺩﺍﺪﻌﻟﺍ ﺭﺎﻬﻇﺇ","Tampilkan angka waktu","Hiện bộ đếm giờ",""
"TTL.Button:Stop","Stopp","Stop","Detener","Arrêt","Állj","Stop","停止","중지","Stop","Zatrzymaj","Parar","Остановить","停止","停止","Stop","Durdur","Стоп","Zastavit","Zastaviť","หยุด","Stop","","ﻒﻗﻮﺗ","Hentikan","Dừng",""
"TTL.Checkbox:Pause in this step","Testmodus aktivieren (im aktuellen Schritt bleiben)","Pause in this step","Activar modo de prueba (mantiene la fase actual)","Activer le mode test (rester dans l'état actuel)","Tesztmód engedélyezése (maradjon az aktuális lépésben)","Metti in pausa in questa fase","テストモード有効 (現在の状態に留まる)","테스트 모드 활성화 (현 상태를 유지한 채 진행)","Testmodus activeren (huidige stap vasthouden)","Aktywuj tryb testu (pozostań w tym kroku)","Ativar modo de teste (Mantém no passo atual)","Тестовый режим (остаться в текущем шаге)","允許測試模式（停留在當前時相）","测试模式 (保持当前步骤)","Enable test mode (remain in the current step)","Bu aşamada dur","Пауза на цьому кроці","Pozastavit v dalším kroku","Pozastaviť v tomto kroku","หยุดชั่วคราวในขั้นตอนนี้","Pauză în acest pas","","ﺓﻮﻄﺨﻟﺍ ﻩﺬﻫ ﻲﻓ ﻒﻗﻮﺗ","Jedakan pada langkah ini","Tạm dừng ở giai đoạn đèn này",""
"TTL.Button:Start","Anfang","Start","Iniciar","Démarrer","Indítás","Avvia","開始","시작","Start","Uruchom","Iniciar","Начать","啟用","启动","Start","Başlat","Старт","Start","Štart","เริ่ม","Start","Desmarrar","ﺍﺪﺑﺍ","Mulai","Bắt đầu",""
"TTL.Button:Rotate left","Links rotieren","Rotate left","Girar a la izq.","Rotation vers la gauche","Forgasd balra","Ruota a sinistra","左に回転","왼쪽으로 회전","Linksom draaien","Obróć w lewo","Girar para a esquerda","Повернуть налево","向左轉動","向左旋转","Rotate left","Sola çevir","Повернути вліво","Otočit vlevo","Otočiť doľava","หมุนซ้าย","Rotire la stânga","","ﺍﺭﺎﺴﻳ ﺭﺪﺘﺳﺍ","Putar ke kiri","Xoay trái",""
"TTL.Button:Rotate right","Rechts rotieren","Rotate right","Girar a la der.","Rotation vers la droite","Forgasd jobbra","Ruota a destra","右に回転","오른쪽으로 회전","Rechtsom draaien","Obróć w prawo","Girar para a direita","Повернуть направо","向右轉動","向右旋转","Rotate right","Sağa çevir","Повернути вправо","Otočit vpravo","Otočiť doprava","หมุนขวา","Rotire la dreapta","","ﺎﻨﻴﻤﻳ ﺭﺪﺘﺳﺍ","Putar ke kanan","Xoay phải",""
"TTL.Button:Copy","Kopieren","Copy","Copiar","Copier","Másolás","Copia","コピー","복사","Kopiëren","Kopiuj","Copiar","Копировать","複製","复制","Copy","Kopyala","Копіювати","Kopírovat","Kopírovať","คัดลอก","Copiere","Copiar","ﺦﺴﻧ","Salin","Sao chép",""
"TTL.Button:Add junction to TTL","Kreuzung zur Ampel hinzufügen","Add a junction to this traffic light","Agregar cruce a este conjunto temporizador","Ajouter une intersection à ce feu tricolore","Adjunk egy kereszteződést ehhez a lámpához","Aggiungi un incrocio a questo semaforo","この信号に交差点を追加","이 신호에 교차로 추가","Kruising aan stoplicht toevoegen","Dodaj skrzyżowanie do tego węzła sygnalizacji","Adicionar cruzamento ao semáforo","Добавить перекрёсток в список","將此交岔路口加入號誌燈時相連鎖","向定时红绿灯添加一路口","Add a junction to this traffic light","Seçili kavşağı bu trafik ışığına ekle","Додати перехрестя","Přidat křižovatku do časovaných semaforů","","เพิ่มทางแยกไปยัง TTL","Adăugare intersecție la TTL","","ﻩﺬﻫ ﺭﻭﺮﻤﻟﺍ ﺓﺭﺎﺷﺇ ﻰﻟﺇ ﻕﺮﻃ ﻊﻃﺎﻘﺗ ﻒﺿﺃ","Tambah persimpangan pada lampu lalu lintas berwaktu ini","Thêm giao lộ vào bộ hẹn giờ",""
"TTL.Button:Remove junction from TTL","Kreuzung von der Ampel entfernen","Remove a junction from this traffic light","Remover cruce de este conjunto temporizador","Retirer une intersection de ce feu tricolore","Távolítson el egy kereszteződést ebből a lámpából","Rimuovi un incrocio da questo semaforo","この信号から交差点を削除","이 신호에서 교차로 제거","Kruising van stoplicht verwijderen","Wyklucz skrzyżowanie z tego węzła sygnalizacji","Remover cruzamento do semáforo","Убрать перекрёсток из списка","將此交岔路口移出號誌燈時相連鎖","从定时红绿灯移除一路口","Remove a junction from this traffic light","Seçili kavşağı bu trafik ışığından kaldır","Видалити перехрестя","Odstranit křižovatku z časovaných semaforů","","ลบทางแยกออกจาก TTL","Elimină intersecție de la TTL","","ﻩﺬﻫ ﺭﻭﺮﻤﻟﺍ ﺓﺭﺎﺷﺇ ﻦﻣ ﻊﻃﺎﻘﺗ ﺔﻟﺍﺯﺇ","Hapuskan persimpangan dari lampu lalu lintas berwaktu ini","Xóa giao lộ khỏi đèn giao thông này",""
"TTL.Button:Remove entire TTL","Ampel entfernen","Remove timed traffic light","Borrar semáforo programado","Retirer le chronométrage","Távolítsa el az időzített lámpát","Rimuovi semaforo temporizzato","時間設定付き信号の削除","설정된 신호등 시간표 제거","Stoplichten verwijderen","Usuń sygnalizację czasową","Remover semáforo cronometrado","Выключить настраиваемый светофор","移除號誌燈時相設定","删除红绿灯定时设置","Remove timed traffic light","Süreli trafik ışığını kaldır","Видалити всі світлофори групи","Odstranit skript řízení semaforů","","ลบ TTL ทั้งหมด","Elimină întreg TTL","","ﺔﺗﻮﻗﻮﻤﻟﺍ ﺭﻭﺮﻤﻟﺍ ﺓﺭﺎﺷﺇ ﺔﻟﺍﺯﺇ","Hapuskan lampu lalu lintas berwaktu","Xóa hẹn giờ đèn giao thông",""
"TTL.Label:After min. time go to next step if","Wenn die min. Zeit abläuft, wechsle zum nächsten Schritt falls","After min. time has elapsed, switch to next step if","After min. time has elapsed, switch to next step if","Après le temps minimum écoulé, passez à l'étape suivante si","Ha a min. idő lejár, folytassa a következő lépéssel, ha","Dopo che è trascorso il tempo minimo, passare alla fase successiva se","最小時間が経過した後、次のステップに切り替える条件","최소시간 경과후 다음단계로 넘어갑니다 :","Achter min. tijd is verstreken, wissel naar de volgende stap als","Po upływie min. czasu, przejdź do następnego kroku","Após o término do tempo mínimo, passar para o próximo passo caso","После мин. ожидания, перейти на следующий шаг, если","超過最短時間時，符合以下條件時號誌燈切換至下一階段","在预设最短时长过后, 跳转至下一步骤, 如果","After min. time has elapsed, switch to next step if","Asgari süre geçtikten sonra sıradaki aşamaya geç eğer","Після мін. часу перейти до наступного кроку, якщо","Po uplynutí minimálního časového úseku, přejde na další krok pokud","","หลังจากนาที เวลาไปที่ขั้นตอนต่อไปถ้า","După min. timp mergeți la pasul următor dacă","","ﻥﺎﻛ ﺍﺫﺇ ﺔﻴﻟﺎﺘﻟﺍ ﺓﻮﻄﺨﻟﺍ ﻰﻟﺇ ﻞﻘﺘﻧﺍ ﻲﻧﺩﻻﺍ ﺖﻗﻮﻟﺍ ﺀﺎﻬﺘﻧﺍ ﺪﻌﺑ","Setelah waktu min. telah lewat, pindah ke langkah selanjutnya jika","Sau thời gian tối thiểu, hãy chuyển sang giai đoạn đèn tiếp theo nếu...",""
"TTL.Label:Flow sensitivity","Empfindlichkeit","Flow sensitivity","Sensibilidad","Sensibilité","Haladás érzékenysége","Sensibilità al flusso","感度","흐름 감도","Gevoeligheid","Czułość","Sensibilidade","Чувствительность","靈敏度","车流量灵敏度","Flow sensitivity","Akış hassaslığı","Чутливість до потоку","Citlivost na provozu","Citlivosť premávky","ความไวในการไหล","Sensibilitate flux","","ﻖﻓﺪﺘﻟﺍ ﺔﻴﺳﺎﺴﺣ","Sensitivitas aliran","Độ mượt của lưu thông",""
"TTL.Label:Low","Niedrig","Low","Baja","Basse","Alacsony","Bassa","低い","낮음","Laag","Niska","Baixa","Низкая","低","低","Low","Düşük","Низька","Nízký","Nízke","ต่ำ","Mică","Bassa","ﺾﻔﺨﻨﻣ","Rendah","Thấp",""
"TTL.Label:High","Hoch","High","Alta","Haute","Magas","Alta","高い","높음","Hoog","Wysoka","Alta","Высокая","高","高","High","Yüksek","Висока","Vysoký","Vysoké","สูง","Mare","Nauta","ﻲﻟﺎﻋ","Tinggi","Cao",""
"TTL.Window.Title:Select nodes","Auswahl der Kreuzungen","Select nodes","Seleccionar cruces","Sélection des intersections","Válassza ki a csomópontokat","Seleziona nodi","交差点の選択","선택된 교차로 목록","Kruisingselectie","Wybór węzłów","Selecione um cruzamento","Список узлов","請點選道路交岔點","请选择节点","Select nodes","Boğumları seçin","Виберіть перехрестя для початку","Zvolte si uzle","","เลือก Nodes","Noduri selectate","","ﺔﻄﻘﻧ ﺩﺪﺣ","Pilih titik-titik hubung","Chọn nút",""
"Dialog.Title:Timed traffic lights manager","Verwaltung zeitgesteuerter Ampeln","Timed traffic lights manager","Administrador de semáforos programados","Gestionnaire de feux tricolores chronométrés","Időzített lámpák kezelője","Gestore dei semafori temporizzati","時間設定付き信号の管理","신호등 시간표 관리자","Beheer van tijdgestuurde stoplichten","Menedżer Sygnalizacji czasowej","Gerenciador de semáforos cronometrados","Управление настраиваемым светофором","號誌燈時相設定工具","定时红绿灯设置工具","Timed traffic lights manager","Süreli trafik ışığı yöneticisi","Керування групою світлофорів з таймером","Správce časových semaforů","","ผู้จัดการสัญญาณไฟจราจรตามกำหนดเวลา","Manager de semafoare sincronizate","","ﺔﺘﻗﻮﻤﻟﺍ ﺭﻭﺮﻤﻟﺍ ﺕﺍﺭﺎﺷﺇ ﺓﺭﺍﺩﺇ","Manager lampu lalu lintas berwaktu","Quản lý hẹn giờ đèn giao thông",""
"TTL.Window.Title:Paste","Einfügen","Paste settings","Pegar","Coller","Beillesztés","Incolla","貼り付け","설정 붙여넣기","Invoegen","Wklej","Colar","Вставить настройки","貼上","粘贴","Paste settings","Yapıştırma ayarları","Вставити","Vložit nastavení semaforu","Vložiť nastavenie semaforu","วาง","Lipește","","ﺝﺍﺭﺩﺇ","Tempel setelan","Dán cài đặt",""
"Label:Select nodes","Wähle eine oder mehrere Kreuzungen aus","Select nodes","Seleccionar cruces","Sélectionnez des intersections","Válassza ki a csomópontokat","Seleziona nodi","交差点を選択してください","노드 선택","Selecteert één of meerdere punten","Wybierz węzły","Selecione cruzamento(s)","Выберите перекрёстки","請點選道路節點","请选择一个或多个节点","Select nodes","Boğum seç","Виберіть перехрестя або вузол","Vyberte uzly","","เลือก nodes","Selectați noduri","","ﻊﻃﺎﻘﺗ ﺩﺪﺣ","Pilih titik-titik hubung","Chọn nút",""
"TTL.Label.Format:Node {0}","Knotenpunkt {0}","Node {0}","Nodo {0}","Intersection {0}","Csomópont {0}","Nodo {0}","交差点 {0}","노드 {0}","Punten {0}","Węzeł {0}","Cruzamento {0}","Узел {0}","道路節點 {0}","节点 {0}","Node {0}","Boğum {0}","Вузол {0}","Uzel {0}","","Node {0}","Nodul {0}","","{0} ﻊﻃﺎﻘﺗ","Titik hubung {0}","Nút giao {0}",""
"TTL.Button:Deselect all nodes","Alle Kreuzungen abwählen","Deselect all nodes","Deseleccionar todos los nodos","Désélectionner toutes les intersections","Összes csomópont kijelölésének megszüntetése","Deseleziona tutti i nodi","全交差点の選択を解除","모든 노드 선택 취소","Deselecteer alle punten","Odznacz wszystkie węzły","Cancelar a seleção de todos os cruzamentos","Очистить список","取消選擇所有道路節點","取消选择所有节点","Deselect all nodes","Tüm boğumları seçimden çıkart","Очистити обрані вузли","Zrušit výběr všech uzlů","","ยกเลิกการเลือก node ทั้งหมด","Deselectează toate nodurile","","ﺕﺎﻌﻃﺎﻘﺘﻟﺍ ﺔﻓﺎﻛ ﺪﻳﺪﺤﺗ ﺀﺎﻐﻟﺈﺑ ﻢﻗ","Batal pilih semua titik hubung","Bỏ chọn tất cả nút",""
"TTL.Button:Setup timed traffic light","Zeitgesteuerte Ampel einrichten","Setup timed traffic light","Ajustar semáforos programados","Créer un chronométrage des feux","Időzített jelzőlámpa beállítása","Imposta semaforo temporizzato","時間設定付き信号の設定","신호등 시간표 설정","Tijdgestuurde stoplichten inrichten","Ustaw czasową sygnalizację świetlną","Criar semáforo cronometrado","Настройка режимов светофора","設定號誌燈時相","设置定时红绿灯","Setup timed traffic light","Süreli trafik ışığı kur","Налагодити групу світлофорів","Nastavení časování semaforu","Nastaviť časovanie semaforu","ตั้งค่าสัญญาณไฟจราจรตามกำหนดเวลา","Configurare semaforizare sincronizată","","ﺔﺘﻗﻮﻣ ﺭﻭﺮﻣ ﺓﺭﺎﺷﺇ ﺩﺍﺪﻋﺇ","Atur lampu lalu lintas berwaktu","Đặt hẹn giờ đèn giao thông",""
"TTL.FlowBalance:Extreme long green/red phases","Extrem lange Rot-/Grünphasen","Extreme long green/red phases","Fases verde/rojo extremadamente largas","Phases rouge/vert extrêmement longues","Rendkívül hosszú zöld / piros fázis","Passaggio tra verde e rosso estremamente lungo","混雑してきてもほとんど切り替えない","극도로 긴 신호등 주기 변화","Extreem lange groen-/roodfasen","Ekstremalnie długi ziel./czerw.","Fases verde/vermelho extremamente longa","Чрезвыч. долгие фазы зелёный/красный","最長的紅、綠燈時相","极长的红绿灯时间","Extreme long green/red phases","Aşırı uzun yeşil/kırmızı aşamaları","Надзвичайно довгі фази зелений/червоний","Extrémně dlouhé střídání zelené/červené","Extrémne dlhé trvanie zelenej a červenej","ระยะสีเขียว / แดงที่ยาวมาก","Timpul fazelor semaforului sunt extrem de lungi","","ﺮﻀﺧﺍ/ﺮﻤﺣﺍ ﺍﺪﺟ ﺔﻠﻳﻮﻃ ﺭﻭﺮﻤﻟﺍ ﺓﺭﺎﺷﺇ ﺓﺭﻭﺩ ﺓﺮﺘﻓ","Fase hijau/merah yang sangat sangat panjang","Chu kỳ đèn cực kỳ dài",""
"TTL.FlowBalance:Very long green/red phases","Sehr lange Rot-/Grünphasen","Very long green/red phases","Fases verde/rojo muy largas","Phases rouge/vert très longues","Nagyon hosszú zöld / piros fázis","Passaggio verde/rosso molto lungo","混雑してきてもあまり切り替えない","매우 긴 신호등 주기 변화","Zeer lange groen-/roodfasen","Bardzo długi ziel./czerw.","Fases verde/vermelho muito longa","Очень долгие фазы зелёный/красный","非常長的紅、綠燈時相","非常长的红绿灯时间","Very long green/red phases","Çok uzun yeşil/kırmızı aşamaları","Дуже довгі фази зелений/червоний","Velmi dlouhé střídání zelené a červené","Veľmi dlhé trvanie zelenej a červenej","ระยะสีเขียว / แดงที่ยาวมาก","Timpul fazelor semaforului sunt foarte lungi","","ﺮﻀﺧﺍ/ﺮﻤﺣﺍ ﺔﻠﻳﻮﻃ ﺭﻭﺮﻤﻟﺍ ﺓﺭﺎﺷﺇ ﺓﺭﻭﺩ ﺓﺮﺘﻓ","Fase hijau/merah yang sangat panjang","Chu kỳ đèn rất dài",""
"TTL.FlowBalance:Long green/red phases","Lange Rot-/Grünphasen","Long green/red phases","Fases verde/rojo largas","Phases rouge/vert longues","Hosszú zöld / piros fázis","Passaggio tra verde e rosso lungo","混雑具合によってそこそこに切り替える","긴 신호등 주기 변화","Lange groen-/roodfasen","Długi ziel./czerw.","Fases verde/vermelho longa","Долгие фазы зелёный/красный","稍長的紅、綠燈時相","较长的红绿灯时间","Long green/red phases","Uzun yeşil/kırmızı aşamaları","Довгі фази зелений/червоний","Dlouhé střídání zelené/červené","Dlhé trvanie zelenej a červenej","ระยะสีเขียว / แดงยาว","Culorile de semafoare sunt lungi","","ﺮﻀﺧﺍ/ﺮﻤﺣﺍ ﻼﻴﻠﻗ ﺔﻠﻳﻮﻃ ﺭﻭﺮﻤﻟﺍ ﺓﺭﺎﺷﺇ ﺓﺭﻭﺩ ﺓﺮﺘﻓ","Fase hijau/merah yang panjang","Chu kỳ đèn dài",""
"TTL.FlowBalance:Moderate green/red phases","Moderate Rot-/Grünphasen","Moderate green/red phases","Fases verde/rojo moderadas","Phases rouge/vert moyennement longues","Mérsékelt zöld / piros fázis","Passaggio tra verde e rosso moderato","混雑具合によって適度に切り替える","평범한 신호등주기 변화","Normale groen-/roodfasen","Średni okres ziel./czerw.","Fases verde/vermelho moderada","Умеренные фазы зелёный/красный","中等的紅、綠燈時相","适当的红绿灯时间","Moderate green/red phases","Orta karar yeşil/kırmızı aşamaları","Помірні фази зелений/червоний","Průměrné střídání zelené/červené","Stredne dlhé trvanie zelenej a červenej","ระยะสีเขียว / แดงปานกลาง","Timpul fazelor semaforului sunt moderate","","ﺮﻀﺧﺍ/ﺮﻤﺣﺍ ﺔﻟﺪﺘﻌﻣ ﺭﻭﺮﻤﻟﺍ ﺓﺭﺎﺷﺇ ﺓﺭﻭﺩ ﺓﺮﺘﻓ","Fase hijau/merah yang tidak terlalu panjang","Chu kỳ đèn trung bình",""
"TTL.FlowBalance:Short green/red phases","Kurze Rot-/Grünphasen","Short green/red phases","Fases verde/rojo cortas","Phases rouge/vert courtes","Rövid zöld / piros fázis","Passaggio tra verde e rosso breve","混雑具合によって細かく切り替える","짧은 신호등주기 변화","korte groen-/roodfasen","Krótki ziel./czerw.","Fases verde/vermelho curta","Короткие фазы зелёный/красный","稍短的紅、綠燈時相","较短的红绿灯时间","Short green/red phases","Kısa yeşil/kırmızı aşamaları","Короткі фази зелений/червоний","Krátké střídání zelené/červené","Krátke trvanie zelenej a červenej","ระยะสีเขียว / แดง สั้น","Timpul fazelor semaforului sunt scurte","","ﺮﻀﺧﺍ/ﺮﻤﺣﺍ ﻪﻌﻳﺮﺳ ﺭﻭﺮﻤﻟﺍ ﺓﺭﺎﺷﺇ ﺓﺭﻭﺩ ﺓﺮﺘﻓ","Fase hijau/merah yang pendek","Chu kỳ đèn ngắn",""
"TTL.FlowBalance:Very short green/red phases","Sehr kurze Rot-/Grünphasen","Very short green/red phases","Fases verde/rojo muy cortas","Phases rouge/vert très courtes","Nagyon rövid zöld / piros fázis","Passaggio tra verde e rosso moltobreve","混雑具合によってとても細かく切り替える","매우 짧은 신호등주기 변화","Zeer korte groen-/roodfasen","Bardzo krótki ziel./czerw.","Fases verde/vermelho muito curta","Очень короткие фазы зелёный/красный","非常短的紅、綠燈時相","非常短的红绿灯时间","Very short green/red phases","Çok kısa yeşil/kırmızı aşamaları","Дуже короткі фази зелений/червоний","Velmi krátké fáze zelené/červené","Veľmi krátke trvanie zelenej a červenej","ระยะสีเขียว / แดงสั้นมาก","Timpul fazelor semaforului sunt foarte scurte","","ﺮﻀﺧﺍ/ﺮﻤﺣﺍ ﺍﺪﺟ ﻪﻌﻳﺮﺳ ﺭﻭﺮﻤﻟﺍ ﺓﺭﺎﺷﺇ ﺓﺭﻭﺩ ﺓﺮﺘﻓ","Fase hijau/merah yang sangat pendek","Chu kỳ đèn rất ngắn",""
"TTL.FlowBalance:Extreme short green/red phases","Extrem kurze Rot-/Grünphasen","Extreme short green/red phases","Fases verde/rojo extremadamente cortas","Phases rouge/vert extrêmement courtes","Rendkívül rövid zöld / piros fázis","Passaggio tra verde e rosso estremamente breve","混雑具合によって非常に細かく切り替える","극도로 짧은 신호등주기 변화","Extreem korten groen-/roodfasen","Ekstremalnie krótki ziel./czerw.","Fases verde/vermelho extremamente curta","Чрезвыч. короткие фазы зелёный/красный","最短的紅、綠燈時相","极短的红绿灯时间","Extreme short green/red phases","Aşırı kısa yeşil/kırmızı aşamaları","Надзвичайно короткі фази зелений/червоний","Extrémně krátké střídání zelené/červené","Extrémne krátke trvanie zelenej a červenej","ระยะสีเขียว / แดงสั้นมาก","Timpul fazelor semaforului sunt extrem de scurte","","ﺮﻀﺧﺍ/ﺮﻤﺣﺍ ﺔﻋﺮﺴﻟﺍ ﺔﻘﺋﺎﻓ ﺭﻭﺮﻤﻟﺍ ﺓﺭﺎﺷﺇ ﺓﺭﻭﺩ ﺓﺮﺘﻓ","Fase hijau/merah yang sangat sangat pendek","Chu kỳ đèn cực kỳ ngắn",""
"TTL.Label.Format:Segment {0}","Segment {0}","Segment {0}","Segmento {0}","Segment {0}","Szegmens {0}","Segmento {0}","道路 {0}","세그먼트 {0}","Segment {0}","Segment {0}","Segmento {0}","Сегмент {0}","路段 {0}","路段 {0}","Segment {0}","Boğum {0}","Сегмент {0}","Segment {0}","Úsek {0}","Segment {0}","Segment {0}","","{0} ﻊﻄﻘﻤﻟﺍ","Bagian jalan {0}","Đoạn đường {0}",""
"Dialog.Text:Auto TL create failed because","Zeitgesteuerte Ampel konnte nicht automatisch erstellt werden, weil","Failed to create TTL because","Fallo al crear TTL debido a","La création automatique de feux a échoué car","Automatikus jelzőlámpa nem adható hozzá, mert","La creazione dei semafori è fallita perché","TTLを作成できませんでした","신호등 시간표를 생성하지 못함:","Auto TL aanmaken mislukt omdat","Nie udało sie utworzyć Sygnalizacji czasowej ponieważ","A criação automática de semáforos falhou porque","Не удалось создать светофор с таймером автоматически, потому что","建立自動化號誌失敗，因為","创建<定时红绿灯>失败, 原因:","Failed to create TTL because","STI oluşturma başarısız oldu çünkü","Не вдалося створити світлофор з таймером автоматично, тому що","Selhalo vytvoření časového semaforu z důvodu","","การสร้าง TL อัตโนมัติล้มเหลวเนื่องจาก","Creare Auto TL a eșuat deoarece","","ﺐﺒﺴﺑ ﺭﻭﺮﻤﻟﺍ ﺓﺍﺭﺎﺷﻹ ﻲﺋﺎﻘﻠﺗ ﺀﺎﺸﻧﺇ ﻞﺸﻓ","Gagal membuat lampu lalu lintas berwaktu karena","Thất bại khi hẹn giờ đèn giao thông do",""
"Dialog.Text:Auto TL no need","Schnelleinrichtung wird nicht unterstützt","Quick-setup is not supported","Configuración rápida no soportada","Création automatique de feux inutile","Gyorsbeállítás nem támogatott","La configurazione rapida non è supportata","クイックセットアップはサポートされていません","빠른 설정이 지원되지 않습니다","Auto TL niet nodig","wybrane skrzyżowanie go nie potrzebuje.","Não é necessária a criação de semáforos","нет потребности в светофоре на этом перекрёстке","不需自動化號誌","不支持使用<快速设置>","Quick-setup is not supported","Hızlı kurulum desteklenmiyor","немає потреби в такому світлофорі на цьому перехресті","Rychlé nastavení není k dispozici","","ไม่จำเป็นต้องใช้ TL อัตโนมัติ","Auto TL nu este necesar","","ﻡﻮﻋﺪﻣ ﺮﻴﻏ ﻊﻳﺮﺴﻟﺍ ﺩﺍﺪﻋﻹﺍ","Penyetelan cepat tidak didukung","Thiết lập nhanh không được hỗ trợ",""
"ManualTL.Mode:Select","Auswählen","Choose a junction to perform manual traffic light control","Selecciona un cruce para controlar el semáforo de forma manual","Sélectionnez","Válasszon egy csomópontot a kézi jelzőlámpa-vezérlés beállításához","Seleziona","交差点を選択して手動信号機制御を実行します","수동 신호등 제어를 수행할 교차로 선택","Selecteer","Wybierz skrzyżowanie, aby ręcznie zarządzać sygnalizacją świetlną","Escolha um cruzamento para controlar os semáforos manualmente","Выберите перекрёсток","選取","选择一个路口进行手动控制红绿灯","Choose a junction to perform manual traffic light control","Seçin","Оберіть перехрестя для редагування","Zvolit","Vybrať","เลือก","Selectați","","ﺭﻭﺮﻤﻟﺍ ﺓﺭﺎﺷﺇ ﻲﻓ ﻱﻭﺪﻳ ﻢﻜﺤﺗ ﺀﺍﺮﺟﻹ ﻕﺮﻃ ﻊﻃﺎﻘﺗ ﺮﺘﺧﺍ","Pilih sebuah persimpangan untuk mengambil alih lampu lalu lintas","Chọn một giao lộ để điều khiển thủ công đèn giao thông",""
"ManualTL.Mode:Edit","Bearbeiten","Click controls to set traffic light state","Haz clic en los controles para configurar el estado del semáforo","Modifier","Kattintson a vezérlőkre a közlekedési lámpa állapotának beállításához","Modifica","コントロールをクリックして信号機の状態を設定します","제어를 눌러 신호등 상태 설정","Bewerk","Kliknij kontrolkę, aby zmienić stan sygnalizatora","Clique nos controles para mudar o estado do semáforo","Создайте или настройте систему светофоров","編輯","点击红绿灯控件实时设置红绿灯状态","Click controls to set traffic light state","Düzenle","Змінюйте параметри світлофору","Upravit","Upraviť","แก้ไข","Editare","","ﺭﻭﺮﻤﻟﺍ ﺓﺭﺎﺷﺇ ﺔﻟﺎﺣ ﻦﻴﻴﻌﺘﻟ ﻢﻜﺤﺘﻟﺍ ﺮﺻﺎﻨﻋ ﻕﻮﻓ ﺮﻘﻧﺍ","Klik pada hamparan untuk mengubah status lampu.","Nhấp vào đèn để thiết đặt trạng thái",""
"ToggleTL.Mode:Click to toggle","Zum Umschalten klicken","Click junctions to toggle traffic lights","Haz clic en los cruces para alternar semáforos","Cliquez pour basculer","Kattintson a csomópontokra a közlekedési lámpák átkapcsolásához","Clicca per attivare/disattivare","交差点をクリックして信号を切り替えます","교차로를 눌러 신호등 토글","Klik op knooppunten om verkeerslichten in- of uit te schakelen","Kliknij na wybranym skrzyżowaniu aby wł/wył sygnalizację świetlną","Clique nos cruzamentos para alternar os semáforos","Нажмите на перекрёсток для переключения светофора","點選並切換","点击路口进行增删红绿灯","Click junctions to toggle traffic lights","Ayarlamak için tıkla","Натискайте на перехрестя для переключення світлофору","Klikněte pro přepnutí","","คลิกเพื่อสลับ","","","ﺭﻭﺮﻤﻟﺍ ﺕﺍﺭﺎﺷﺇ ﺡﺎﺘﻔﻤﻟ ﺕﺎﻌﻃﺎﻘﺘﻟﺍ ﻕﻮﻓ ﺮﻘﻧﺍ","Pilih persimpangan untuk aktifkan/nonaktifkan lampu lalu lintas","Nhấp vào giao lộ để ẩn hiện đèn giao thông",""
"TimedTL.CtrlClick:Quick setup","Schnelles Einrichten","Quick setup","Configuración rápida","Configuration rapide","Gyors beállítás","Configurazione rapida","クイックセットアップ","빠른 설정","Snelle setup","Szybka konfiguracja","Configuração rápida","Быстрая настройка светофора с таймером","快速設定","快速设置","Quick setup","Kısayollar","Швидке створення світлофору з таймером","Zobrazí se spolu s nápovědou na obrazovce ""Ctrl+Click Quick setup""","Rýchle nastavenie","ติดตั้งแบบรวดเร็ว","","","ﻊﻳﺮﺴﻟﺍ ﺖﻴﺒﺜﺘﻟﺍ","Penyetelan cepat","Thiết lập nhanh",""
"TimedTL.AltCtrlClick:Alternate Quick setup","","Alternate Quick setup","","","","TimedTL.AltCtrlClick:Configurazione rapida alternativa","","","","Alternatywna szybka konfiguracja","","","","","Alternate Quick setup","","","","","","","","","","",""
