"","de","en","es","fr","hu","it","ja","ko","nl","pl","pt","ru","zh-tw","zh","en-gb","tr","uk"
"TMPE_TUTORIAL_BODY_JunctionRestrictionsTool","Steuere, wie Fahrzeuge und Fußgänger sich an Kreuzungen zu verhalten haben.\n\n1. Klicke auf die Kreuzung, die du kontrollieren möchtest.\n2. Klicke auf das entsprechende Symbol, um die Beschränkungen ein- oder auszuschalten.\n\nVerfügbare Beschränkungen:\n- Erlaube/Verbiete Spurwechsel für Fahrzeuge, die geradeaus fahren.\n- Erlaube/Verbiete das Wenden.\n- Erlaube/Verbiete Fahrzeugen, in die blockierte Kreuzung einzufahren.\n- Erlaube/Verbiete Fußgängern, die Straße zu überqueren.","Control how vehicles and pedestrians shall behave at junctions.\n\n1. Click on the junction you want to manage\n2. Click on the appropriate icon to toggle restrictions.\n\nAvailable restrictions:\n- Allow/Disallow lane changing for vehicle going straight on\n- Allow/Disallow u-turns\n- Allow/Disallow vehicles to enter a blocked junction\n- Allow/disallow pedestrians to cross the street","Control how vehicles and pedestrians shall behave at junctions.\n\n1. Click on the junction you want to manage\n2. Click on the appropriate icon to toggle restrictions.\n\nAvailable restrictions:\n- Allow/Disallow lane changing for vehicle going straight on\n- Allow/Disallow u-turns\n- Allow/Disallow vehicles to enter a blocked junction\n- Allow/disallow pedestrians to cross the street","Comment contrôler le comportement des véhicules et des piétons aux carrefours.\n\n1. Cliquez sur le carrefour que vous voulez gérer\n2. Cliquez sur l'icône appropriée pour basculer entre les restrictions.\n\nRestrictions disponibles :\n- Autoriser/Interdire le changement de voie pour que le véhicule continue tout droit\n- Autoriser/Interdire les demi-tours\n- Autoriser/Interdire aux véhicules d'entrer dans un carrefour bloqué\n- Autoriser/Interdire aux pietons de traverser la rue","Ellenőrizze, hogy a járművek és a gyalogosok hogyan viselkedjenek a csomópontokon. \n\n1. Kattintson a kezelni kívánt csomópontra. \n2. Kattintson a megfelelő ikonra a korlátozások váltásához. \n\nA rendelkezésre álló korlátozások: \n- engedélyezze / tiltja a sávváltást az egyenesen haladó járművek számára \n- engedélyezze / tiltja az u fordulásokat \n- engedélyezze / tiltja a járművek számára, hogy blokkolt kereszteződésekbe lépjenek \n- Engedélyezze / tiltsa a gyalogosokat az utca átlépésén","Control how vehicles and pedestrians shall behave at junctions.\n\n1. Click on the junction you want to manage\n2. Click on the appropriate icon to toggle restrictions.\n\nAvailable restrictions:\n- Allow/Disallow lane changing for vehicle going straight on\n- Allow/Disallow u-turns\n- Allow/Disallow vehicles to enter a blocked junction\n- Allow/disallow pedestrians to cross the street","車両や歩行者が交差点でどのように行動するのかを制御します。\n\n1. 管理したい交差点をクリックします。\n2. 適切なアイコンをクリックして、制限を切り替えます。\n\n利用可能な制限:\n- 直進中の車両の車線変更を許可/禁止\n- Uターンの許可/禁止\n- 交差点の先が渋滞している交差点への車両の進入を許可/禁止\n- 歩行者が道路を横断することを許可/禁止する","차량과 보행자가 교차로에서 어떠한 규칙을 따라야하는지 통제할 수 있습니다\n\n1. 규칙을 설정하고 싶은 교차로를 클릭합니다\n2. 통제하고 싶은 구역 아이콘을 클릭합니다\n\n적용할 수 있는 규칙 :\n- 직진하면서 차선 변경 허용/비허용\n- 유턴 허용/비허용\n- 꼬리물기 허용/비허용\n- 보행자의 횡단보도 허용/비허용","Control how vehicles and pedestrians shall behave at junctions.\n\n1. Click on the junction you want to manage\n2. Click on the appropriate icon to toggle restrictions.\n\nAvailable restrictions:\n- Allow/Disallow lane changing for vehicle going straight on\n- Allow/Disallow u-turns\n- Allow/Disallow vehicles to enter a blocked junction\n- Allow/disallow pedestrians to cross the street","Decyduj jak pojazdy i piesi mają się zachowywać na skrzyżowaniach.\n\n1. Wybierz skrzyżowanie do ustawienia zasad\n2. Kliknij na odpowiedniej ikonie by zmienić ograniczenia.\n\nDostępne zasady:\n- Pozwól/Zabroń: zmiany pasa ruchu pojazdom jadącym na wprost \n- Pozwól/Zabroń: zawracanie\n- Pozwól/Zabroń: wjazd na zablokowane/zakorkowane skrzyżowanie\n- Pozwól/Zabroń: przejście pieszych przez drogę","Control how vehicles and pedestrians shall behave at junctions.\n\n1. Click on the junction you want to manage\n2. Click on the appropriate icon to toggle restrictions.\n\nAvailable restrictions:\n- Allow/Disallow lane changing for vehicle going straight on\n- Allow/Disallow u-turns\n- Allow/Disallow vehicles to enter a blocked junction\n- Allow/disallow pedestrians to cross the street","Контроль поведения транспортных средств и пешеходов на перекрёстках.\n\n1. Нажмите на перекрёсток, которым вы хотите управлять.\n2. Нажмите на соответствующий значок, чтобы переключить ограничения.\n\nДоступные ограничения:\n- Разрешить/Запретить смену полосы для автомобиля, идущего прямо\n- Разрешить/запретить разворот\n- Разрешить/Запретить въезд на заблокированный перекрёсток\n- Разрешить/Запретить пешеходам переходить улицу","控制行人和車輛在路口的行為\n\n1. 點擊欲變更的路口\n2. 點擊適當的按鈕來調整道路規則\n\n可以選擇的限制:\n- 允許/不允許直行車輛在路口變換車道\n- 允許/不允許車輛迴轉\n- 允許/不允許車輛於壅塞時進入路口停等 \n- 允許/不允許行人穿越路口","控制车辆和行人在路口的行为。\n\n1. 单击你想要设置的路口\n2. 单击合适的图标来切换限制\n\n可选限制（允许/不许）：\n- 直行车辆在路口变更车道\n- 车辆在路口掉头\n- 车辆进入堵塞路口\n- 行人横穿道路","Control how vehicles and pedestrians shall behave at junctions.\n\n1. Click on the junction you want to manage\n2. Click on the appropriate icon to toggle restrictions.\n\nAvailable restrictions:\n- Allow/Disallow lane changing for vehicle going straight on\n- Allow/Disallow u-turns\n- Allow/Disallow vehicles to enter a blocked junction\n- Allow/disallow pedestrians to cross the street","","Контроль поведінки транспортних засобів та пішоходів на перехрестях\n\n1. Оберіть перехрестя, яким бажаєте керувати.\n2. Натисніть відповідну іконку для перемикання обмеження.\n\nНаявні обмеження:\n- Дозвіл зміни смуги руху для автівок, які рухаються на перехресті прямо\n- Дозвіл розвернутись\n- Дозвіл в'їзджати на заблоковані перехрестя\n- Дозвіл переходу вулиці пішоходами"
"TMPE_TUTORIAL_BODY_LaneArrowTool","Limitiere die Richtungen, in die Fahrzeuge fahren dürfen.\n\n1. Klicke auf ein Straßensegment nahe einer Kreuzung.\n2. Wähle die erlaubten Richtungen aus.","Restrict the set of directions that vehicles are allowed to take.\n\n1. Click on a road segment next to a junction\n2. Select the allowed directions.","Restrict the set of directions that vehicles are allowed to take.\n\n1. Click on a road segment next to a junction\n2. Select the allowed directions.","Restreindre l'ensemble des directions que les véhicules sont autorisés à prendre.\n\n1. Cliquez sur un segment de route à côté d'une intersection\n2. Sélectionnez les directions autorisées.","Korlátozza a járművek által megtett útmutatásokat. \n\n1. Kattintson egy csomópont melletti útszakaszra \n2. Válassza ki az engedélyezett irányokat.","Restrict the set of directions that vehicles are allowed to take.\n\n1. Click on a road segment next to a junction\n2. Select the allowed directions.","車両が進行する方向を制限します。\n\n1. 交差点の横にある道路区間をクリックします\n2. 許可する方向を選択してください。","차량이 회전할 수 있는 방향을 통제할 수 있습니다.\n\n1. 변경하고 싶은 교차로 도로구간을 클릭합니다\n2. 화살표를 클릭하여 방향을 지정합니다.","Restrict the set of directions that vehicles are allowed to take.\n\n1. Click on a road segment next to a junction\n2. Select the allowed directions.","Ustaw możliwe kierunki w którym pojazd może się poruszać z danego pasa ruchu.\n\n1. Wybierz segment drogi tuż przy skrzyżowaniu\n2. Ustaw dozwolone kierunki ruchu.","Restrict the set of directions that vehicles are allowed to take.\n\n1. Click on a road segment next to a junction\n2. Select the allowed directions.","Ограничение направлений транспортных средств.\n\n1. Нажмите на сегмент дороги рядом с перекрестком.\n2. Выберите разрешённые маршруты.","限制車輛可通行的方向。\n\n1. 點擊相鄰於路口的路段。 \n2. 選擇允許通行的方向。","限制车辆的可选方向。\n\n1. 单击路口前的路段\n2. 选择允许的方向","Restrict the set of directions that vehicles are allowed to take.\n\n1. Click on a road segment next to a junction\n2. Select the allowed directions.","Taşıtların gidebileceği yönleri kısıtlayın\n\n1. Kavşağa bağlanan bir yola tıklayın\n2. İzin verilen yönleri seçin.","Обмеження напрямків руху транспорту по смугах.\n\n1. Натисніть на сегмент шляху поруч з перехрестям.\n2. Оберіть дозволені напрямки руху вздовж кожної смуги руху."
"TMPE_TUTORIAL_BODY_LaneConnectorTool","Verbinde zwei oder mehr Fahrspuren miteinander, um Fahrzeugen nur bestimmte Fahrspurwechsel zu erlauben.\n\n1. Klicke auf einen Spurwechselpunkt (grauer Kreis).\n2. Klicke auf eine Quellspurmarkierung.\n3. Klicke auf eine Zielspurmarkierung, um die Zielspur mit der Quellspur zu verbinden.\n4. Klicke irgendwo mit der sekundären Maustaste, um zur Qullspurselektion zurückzukehren.\n\nVerfügbare Tastenkombinationen:\n\n-Entf. oder Rücktaste: Lösche alle Fahrspurverbindungen\n- Umschalt + S: Wechsle durch alle verfügbaren ""Bleib auf der Spur""-Vorlagen.","Connect two or more lanes with each other in order to tell which lanes vehicles may use.\n\n1. Click on a lane changing point (grey circles).\n2. Click on a source marker.\n3. Click on a target marker to connect it with the source marker.\n4. Click anywhere with your secondary mouse button to return back to source marker selection.\n\nAvailable hotkeys:\n\n- Delete or Backspace: Remove all lane connections\n- Shift + S: Cycle through all available ""stay on lane"" patterns","Connect two or more lanes with each other in order to tell which lanes vehicles may use.\n\n1. Click on a lane changing point (grey circles).\n2. Click on a source marker.\n3. Click on a target marker to connect it with the source marker.\n4. Click anywhere with your secondary mouse button to return back to source marker selection.\n\nAvailable hotkeys:\n\n- Delete or Backspace: Remove all lane connections\n- Shift + S: Cycle through all available ""stay on lane"" patterns","Reliez deux ou plusieurs voies entre elles afin de déterminer les voies que les véhicules peuvent utiliser.\n\n1. Cliquez sur une intersection (cercles gris).\n2. Cliquez sur un marqueur de source.\n3. Cliquez sur un marqueur cible pour le relier au marqueur source.\n4. Cliquez n'importe où avec le bouton secondaire de la souris pour revenir à la sélection du marqueur source.\n\nTouches de raccourci disponibles :\n\n- Supprimer ou Retour arrière : Supprimer toutes les connexions de voie\n- Shift + S : Parcourir tous les modèles ""rester sur la voie"" disponibles","Csatlakoztasson két vagy több sávot egymással, hogy megmondja, mely sávokat használhatják a járművek. \n\n1. Kattintson a sávváltási pontra (szürke körök). \n2. Kattintson a forrásjelölőre. \n3. Kattintson egy céljelölőre, hogy összekapcsolja a forrásjelölővel. \n4. Kattintson bárhová a másodlagos egérgombbal, hogy visszatérjen a forrásjelölő kiválasztásához. \n\nHatékony gyorsbillentyűk: \n\n- Törlés vagy Backspace: Az összes sávcsatlakozás eltávolítása \n- Shift + S: Áttekintés az összes rendelkezésre álló „sávon maradásról”. minták","Connect two or more lanes with each other in order to tell which lanes vehicles may use.\n\n1. Click on a lane changing point (grey circles).\n2. Click on a source marker.\n3. Click on a target marker to connect it with the source marker.\n4. Click anywhere with your secondary mouse button to return back to source marker selection.\n\nAvailable hotkeys:\n\n- Delete or Backspace: Remove all lane connections\n- Shift + S: Cycle through all available ""stay on lane"" patterns","車両がどの車線を使用できるかを知るために、2つ以上の車線を互いに接続します。\n\n1. 車線変更点（灰色の丸）をクリックします。\n2. ソースマーカーをクリックします。\n3. ターゲットマーカーをクリックしてソースマーカーと接続します。\n4. 任意の場所で右クリックすると、ソースマーカーの選択に戻ります。\n\n利用可能なホットキー:\n\n- Delete または Backspace: すべての車線接続を削除\n- Shift + S: 利用可能なすべての「車線を維持する」パターンを順番に切り替えます","두개 이상의 차선을 연결하여 차량이 해당 차선으로 이동하도록 명령할 수 있습니다.\n\n1. 차선을 변경할 포인트를 클릭합니다(회색 원)\n2. 시작할 차선을 클릭합니다\n3. 연결하고 싶은 차선 원을 클릭하여 연결합니다\n4. 빈공간을 우클릭하면 다시 전 단계로 돌아갈 수 있습니다\n\n사용할 수 있는 단축키 :\n\n- Delete , Backspace : 모든 연결된 차선들을 삭제합니다\n- Shift + S : 직진차선 교차점에서 원을 돌며 패턴을 적용 할 수 있습니다","Connect two or more lanes with each other in order to tell which lanes vehicles may use.\n\n1. Click on a lane changing point (grey circles).\n2. Click on a source marker.\n3. Click on a target marker to connect it with the source marker.\n4. Click anywhere with your secondary mouse button to return back to source marker selection.\n\nAvailable hotkeys:\n\n- Delete or Backspace: Remove all lane connections\n- Shift + S: Cycle through all available ""stay on lane"" patterns","Połącz dwa lub więcej pasów ruchu ze sobą, aby wyznaczyć możliwe ścieżki poruszającym sie nimi pojazdom.\n\n1. Kliknij na wybranym punkcie (szare okręgi).\n2. Wybierz jeden z kolorowych okręgów symbolizujących koniec pasa.\n3. Następnie kliknij na inny, aby je ze sobą połączyć. \n4. Kliknij gdziekolwiek prawym klawiszem myszy, aby powtórzyć wybór końcowego znacznika.\n\nSkróty klawiszowe:\n\n- Delete lub Backspace: Usuń wszystkie połącznia\n- Shift + S: Przełączaj między dostępnymi schematami ""pozostań na pasie""","Connect two or more lanes with each other in order to tell which lanes vehicles may use.\n\n1. Click on a lane changing point (grey circles).\n2. Click on a source marker.\n3. Click on a target marker to connect it with the source marker.\n4. Click anywhere with your secondary mouse button to return back to source marker selection.\n\nAvailable hotkeys:\n\n- Delete or Backspace: Remove all lane connections\n- Shift + S: Cycle through all available ""stay on lane"" patterns","Соедините две или более линии вместе, чтобы транспортные средства могли использовать разные полосы.\n\n1. Нажмите на точку смены полосы (серый круг).\n2. Нажмите на маркер исходной линии.\n3. Нажмите маркер цели, чтобы связать его с маркером источника.\n4. Щёлкните в любом месте с помощью дополнительной кнопки мыши, чтобы вернуться к выбору маркера источника.\n\nДоступные горячие клавиши:\n\n- Delete or Backspace: Удалить все Линии движения\n- Shift + S: Пролистайте все доступные шаблоны ""Остаться на полосе""","連接兩個或多個車道來指定車輛使用特定的車道\n\n1. 點擊道路節點(灰色圓圈).\n2. 點擊進入路口方向之圓圈標記\n3. 點擊目標標記以將其連接\n4. 點擊滑鼠右鍵以回到上一層選擇\n\n快捷鍵：\n\n- Delete 或 Backspace：移除該節點所有車道連接\n- Shift + S：切換所有可用的直行模式。","连接2+条车道来告知车辆可用的车道。\n\n1. 单击一个车道变更点(灰色圆圈)\n2. 单击一个来源车道\n3. 单击目标车道来建立连接\n4. 任意位置单击右键返回来源车道选择\n\n可用热键：\n\n- Delete 或 Backspace：移除所有车道连接\n- Shift + S：(循环)查看所有""stay on lane""模式","Connect two or more lanes with each other in order to tell which lanes vehicles may use.\n\n1. Click on a lane changing point (grey circles).\n2. Click on a source marker.\n3. Click on a target marker to connect it with the source marker.\n4. Click anywhere with your secondary mouse button to return back to source marker selection.\n\nAvailable hotkeys:\n\n- Delete or Backspace: Remove all lane connections\n- Shift + S: Cycle through all available ""stay on lane"" patterns","","З'єднайне дві або більше смуги руху разом, і транспорт буде рухатись згідно з цими вказівками.\n\n1. Натисніть на перехрестя (сіре коло).\n2. Натисніть на маркер смуги руху, яка входить на обране перехрестя.\n3. Натисніть на маркер вихідної смуги, куди направити рух через це перехрестя.\n4. В будь-якому місці натисніть праву кнопку миші аби повернутися до кроку 2.\n\nНаявні клавіші керування:\n\n- Delete або Backspace: Видалити всі зв'язки смуг руху на цьому перехресті\n- Shift+S: Залишатися в своїй смузі, натискайте повторно аби призначити обидва напрямки руху, один або інший напрямок."
"TMPE_TUTORIAL_BODY_MainMenu","Willkommen bei TM:PE!\n\nBenutzerhandbuch: http://www.viathinksoft.de/tmpe","Welcome to TM:PE!\n\nUser manual: http://www.viathinksoft.de/tmpe","Welcome to TM:PE!\n\nUser manual: http://www.viathinksoft.de/tmpe","Bienvenue sur TM:PE !\n\nManuel d'utilisateur : http://www.viathinksoft.de/tmpe","Üdvözöljük a TM: PE! \n\n használati útmutatóban: http://www.viathinksoft.de/tmpe","Welcome to TM:PE!\n\nUser manual: http://www.viathinksoft.de/tmpe","ようこそ TM:PE!\n\nユーザーマニュアル: http://www.viathinksoft.de/tmpe","TM:PE에 오신것을 환영합니다!\n\n영문 가이드: http://www.viathinksoft.de/tmpe","Welcome to TM:PE!\n\nUser manual: http://www.viathinksoft.de/tmpe","Witaj w TM:PE!\n\nPodręcznik użytkownika(Ang.): http://www.viathinksoft.de/tmpe \n\nTranslacja Krzychu1245. Zauważyłeś/łaś literówkę, błąd, cokolwiek do poprawy? Odezwij się na Steam;)","Welcome to TM:PE!\n\nUser manual: http://www.viathinksoft.de/tmpe","Welcome to TM:PE!\n\nUser manual: http://www.viathinksoft.de/tmpe","歡迎使用TM: PE!\n\n 使用說明書：http://www.viathinksoft.de/tmpe","欢迎使用TM:PE！\n\n使用手册：http://www.viathinksoft.de/tmpe","Welcome to TM:PE!\n\nUser manual: http://www.viathinksoft.de/tmpe","TM:PE'ye hoşgeldiniz!\n\nKullanım kılavuzu: http://www.viathinksoft.de/tmpe","Ласкаво просимо до моду TM:PE!\n\nСайт з інструкцією по користуванню: http://www.viathinksoft.de/tmpe"
"TMPE_TUTORIAL_BODY_ManualTrafficLightsTool","Probiere die Ampelschaltungen von TM:PE aus.\n\n1. Klicke auf eine Kreuzung.\n2. Verwende das Werkzeug, um die Ampel zu kontrollieren.","Try out custom traffic lights.\n\n1. Click on a junction\n2. Use the tool to control traffic lights.","Try out custom traffic lights.\n\n1. Click on a junction\n2. Use the tool to control traffic lights.","Essayez les feux de circulation personnalisés.\n\n1. Cliquez sur une intersection\n2. Utilisez l'outil pour contrôler les feux de circulation.","Próbálja ki az egyéni közlekedési lámpákat. \n\n1. Kattintson a csomópontra \n2. Az eszköz segítségével irányítsa a lámpákat.","Try out custom traffic lights.\n\n1. Click on a junction\n2. Use the tool to control traffic lights.","カスタム信号機を試してみてください。\n\n1. 交差点をクリックします。\n2. ツールを使用して信号機を制御します。","신호등을 직접 통제해 볼 수 있습니다\n\n1. 교차로를 클릭합니다\n2. 신호등 통제툴을 통해 신호를 통제할 수 있습니다","Try out custom traffic lights.\n\n1. Click on a junction\n2. Use the tool to control traffic lights.","Wypróbuj własną sygnalizację świetlną.\n\n1. Kliknij na skrzyżowaniu\n2. Użyj narzędzia do sterowania ręczną sygnalizacją świetlną.","Try out custom traffic lights.\n\n1. Click on a junction\n2. Use the tool to control traffic lights.","Попробуйте настраивать светофоры.\n\n1. Нажмите на перекрёсток\n2. Используйте инструмент для управления светофорами.","試試自訂號誌燈吧！\n\n1. 選擇並點擊一個路口\n2. 使用本工具來控制號誌燈","尝试自定时的红绿灯。\n\n1. 单击一个路口\n2. 使用此工具来控制红绿灯","Try out custom traffic lights.\n\n1. Click on a junction\n2. Use the tool to control traffic lights.","Elcil trafik ışıklarını deneyin.\n\n1. Kavşağa tıklayın\n2. Aracı trafik ışıkları denetimi için kullanın.","Спробуйте керування світлофорами вручну.\n\n1. Оберіть перехрестя зі світлофором\n2. Використовуйте інструмент керування."
"TMPE_TUTORIAL_BODY_ParkingRestrictionsTool","Steuere, wo das Parken erlaubt ist.\n\nKlicke auf die ""P""-Symbole.\n\nVerfügbare Tastenkombinationen:\n\n- Umschalt: Halte die Taste beim Klicken, um Parkverbote auch auf benachbarte Straßensegmente anzuwenden.","Control where parking is allowed.\n\nClick on the ""P"" icons.\n\nAvailable hotkeys:\n\n- Shift: Hold while clicking to apply parking restrictions to multiple road segments at once","Control where parking is allowed.\n\nClick on the ""P"" icons.\n\nAvailable hotkeys:\n\n- Shift: Hold while clicking to apply parking restrictions to multiple road segments at once","Contrôler où le stationnement est autorisé.\n\nCliquez sur les icônes ""P"".\n\nTouches de raccourci disponibles :\n\n- Shift : Maintenez la touche enfoncée tout en cliquant pour appliquer des restrictions de stationnement à plusieurs segments de route à la fois","Irányítsa a parkolás engedélyezését. \n\nKattintson a ""P"" ikonra. \n\nHatékony gyorsbillentyűk: \n\n- Shift: Tartsa nyomva, miközben kattintással alkalmazza a parkolási korlátozásokat egyszerre több útszakaszra.","Control where parking is allowed.\n\nClick on the ""P"" icons.\n\nAvailable hotkeys:\n\n- Shift: Hold while clicking to apply parking restrictions to multiple road segments at once","駐車を許可する場所を制御します。\n\n「P」アイコンをクリックします。\n\n利用可能なホットキー:\n\n- Shift: クリックしながら押したままにすると、一度に複数の道路区間に駐車制限が適用されます","어디에 주차를 허용할 것인지 통제 할 수 있습니다.\n\n""P""아이콘을 클릭합니다.\n\n사용가능한 단축키 :\n\n- Shift : 쉬프트키를 누른상태로 클릭하면 교차로내의 모든 도로구간에 해당 규칙을 적용합니다","Control where parking is allowed.\n\nClick on the ""P"" icons.\n\nAvailable hotkeys:\n\n- Shift: Hold while clicking to apply parking restrictions to multiple road segments at once","Decyduj gdzie możliwe jest parkowanie.\n\nKliknij na ikonę ""P"".\n\nSkróty klawiszowe:\n\n- Shift: przytrzymaj podczas klikania, aby zastowować ograniczenia parkingowe dla kilku segmentów drogi jednocześnie","Control where parking is allowed.\n\nClick on the ""P"" icons.\n\nAvailable hotkeys:\n\n- Shift: Hold while clicking to apply parking restrictions to multiple road segments at once","Контролирование парковки.\n\nНажмите на значок ""P"".\n\nГорячая клавиша:\n\n- Shift: Удерживайте нажатой кнопку, чтобы применить ограничения на парковку для нескольких сегментов дороги","控制哪裡可以停車\n\n點擊 ""P"" 的按鈕。\n\n快捷鍵：n\n- Shift: 套用相同設定至整條道路。","控制是否允许停车。\n\n单击""P""标志\n\n可用热键：\n\n- Shift：按住可一次性应用路边停车限制至多个路段","Control where parking is allowed.\n\nClick on the ""P"" icons.\n\nAvailable hotkeys:\n\n- Shift: Hold while clicking to apply parking restrictions to multiple road segments at once","","Контроль паркування.\n\nНатисніть на кнопку ""P"".\n\nНаявні клавіші керування:\n\n- Shift: Натисніть і тримайте Shift, аби застосувати зміни в паркуванні для всієї дороги між двома перехрестями"
"TMPE_TUTORIAL_BODY_PrioritySignsTool","Definiere Vorfahrtsregeln an Kreuzungen.\n\n1. Klicke auf eine Kreuzung.\n2. Klicke auf eine der leeren Punkte, um zwischen den verfügbaren Vorfahrtsschildern umzuschalten (Hauptstraße, Vorfahrt gewähren, Stopp).\n\nVerfügbare Tastenkombinationen:\n\n- Umschalt: Halte die Taste, um Vorfahrtsschilder auch auf benachbarten Kreuzungen zu setzen. Klicke nochmals während du Umschalt gedrückt hälst, um alle verfügbaren Vorlagen durchzuwechseln.","Define priority rules at junctions.\n\n1. Click on a junction.\n2. Click on the blank spots to cycle through the available priority signs (priority road, yield, stop).\n\nAvailable hotkeys:\n\n- Shift: Hold Shift to add priority signs to multiple road segments at once. Click again while holding Shift to cycle through all available patterns.","Define priority rules at junctions.\n\n1. Click on a junction.\n2. Click on the blank spots to cycle through the available priority signs (priority road, yield, stop).\n\nAvailable hotkeys:\n\n- Shift: Hold Shift to add priority signs to multiple road segments at once. Click again while holding Shift to cycle through all available patterns.","Définir les règles de priorité aux intersections.\n\n1. Cliquer sur l'intersection.\n2. Cliquez sur les cercles vides pour parcourir les panneaux de priorité disponibles (route prioritaire, cédez-le-passage, stop, vide).\n\nTouches de raccourci disponibles :\n\n- Shift : Maintenez la touche Maj enfoncée pour ajouter des signes de priorité à plusieurs segments de route à la fois. Cliquez à nouveau tout en maintenant la touche Maj enfoncée pour parcourir tous les modèles disponibles.","Definiálja a prioritási szabályokat a kereszteződéseken. \n\n1. Kattintson a kereszteződésre. \n2. Kattintson az üres pontokra a rendelkezésre álló prioritási jelek (elsőbbségi út, hozam, megállás) átlépéséhez. \n\nA rendelkezésre álló gyorsbillentyűk: \n\n- Shift: tartsa lenyomva a Shift billentyűt, ha egyszerre több útszakaszhoz szeretne prioritási jeleket hozzáadni. Kattintson ismét, miközben lenyomva tartja a Shift billentyűt az összes elérhető minta áttekintéséhez.","Define priority rules at junctions.\n\n1. Click on a junction.\n2. Click on the blank spots to cycle through the available priority signs (priority road, yield, stop).\n\nAvailable hotkeys:\n\n- Shift: Hold Shift to add priority signs to multiple road segments at once. Click again while holding Shift to cycle through all available patterns.","交差点で優先順位規則を定義します。\n\n1. 交差点をクリックします。\n2. 空白の箇所をクリックして、利用可能な優先標識（優先道路,徐行,一時停止）を順に切り替えます。\n\n利用可能なホットキー:\n\n- Shift: Shiftキーを押しながら一度に複数の道路区間に優先標識を追加します。 Shiftキーを押しながらもう一度クリックすると、使用可能なすべてのパターンが順に切り替わります。","교차로에서 교통 표지판 규칙을 준수하게 만들 수 있습니다.\n\n1. 교차로를 클릭합니다.\n2. 검정색 원을 클릭하여 사용 가능한 교통표지판을 규정합니다(우선도로, 양보, 정지).\n\n사용할 수 있는 단축키 :\n\n- Shift : 쉬프트키를 누른 상태로 해당 도로구간에서 추가하고 싶은 표지판을 클릭합니다. 다시 클릭하면 원을 돌면서 사용 가능한 패턴으로 교통 표지판 규칙이 설정됩니다","Define priority rules at junctions.\n\n1. Click on a junction.\n2. Click on the blank spots to cycle through the available priority signs (priority road, yield, stop).\n\nAvailable hotkeys:\n\n- Shift: Hold Shift to add priority signs to multiple road segments at once. Click again while holding Shift to cycle through all available patterns.","Zdefiniuj zasady pierwszeństwa na skrzyżowaniach.\n\n1. Kliknij na skrzyżowaniu.\n2. Klikaj na wybranym półprzezroczystym okręgu by zmienić pierwszeństwo na tym odcinku(droga z pierwszeństwem, ustąp pierwszeństwa, stop).\n\nSkróty klawiszowe:\n\n- Shift: Przytrzymuj Shift, aby dodać znaki pierwszeństwa do kilku segmentów drogi jednocześnie. Kliknij ponownie, przytrzymując klawisz Shift, aby zmieniać pomiędzy dostępnymi schematami.","Define priority rules at junctions.\n\n1. Click on a junction.\n2. Click on the blank spots to cycle through the available priority signs (priority road, yield, stop).\n\nAvailable hotkeys:\n\n- Shift: Hold Shift to add priority signs to multiple road segments at once. Click again while holding Shift to cycle through all available patterns.","Определение правил приоритета на перекрёстках.\n\n1. Нажмите на перекрёсток.\n2. Нажмите на пустые ячейки, чтобы посмотреть доступные знаки приоритета (Главная дорога, Второстепенная дорога, Stop).\n\nГорячая клавиша:\n\n- Shift: Удерживайте Shift, чтобы добавить знаки приоритета сразу нескольким сегментам дороги. Нажмите ещё раз, удерживая Shift, чтобы просмотреть все доступные шаблоны.","制定路口優先通行規則。\n\n1. 點擊一個路口\n2. 點擊空白的圖示來切換優先通行之規則(優先通行，禮讓，停等) \n\n快速鍵：\n\n- Shift: 按住Shift 來新增整條路的優先通行規則。按住Shift 再次點擊來切換優先通行規則。","设置路口的优先通行权。\n\n1. 单击一个路口\n2. 单击空白点来(循环)选择可用的优先通行权(干道、减速让行、停车让行)\n\n可用热键：\n\n- Shift：按住可一次性应用优先通行权至多个路段;按住时单击可(循环)选择可用的优先通行权","Define priority rules at junctions.\n\n1. Click on a junction.\n2. Click on the blank spots to cycle through the available priority signs (priority road, yield, stop).\n\nAvailable hotkeys:\n\n- Shift: Hold Shift to add priority signs to multiple road segments at once. Click again while holding Shift to cycle through all available patterns.","","Керування правилами пріоритету на перехрестях.\n\n1. Виберіть перехрестя.\n2. Натискайте на іконки або порожні кола, аби вибрати наступну з переліку (головний шлях, поступитися проїздом, обов'язкова зупинка).\n\nНаявні клавіші керування:\n\n- Shift: Тримайте Shift, аби додати знаки пріоритету для кількох сегментів, зробивши вулицю приорітетною на всьому її протязі. Ще раз натисніть, тримаючи Shift, аби передивитись інші наявні шаблони"
"TMPE_TUTORIAL_BODY_SpeedLimitsTool","Setze Geschwindigkeitsbeschränkungen.\n\n1. Wähle im Fenster eine Geschwindigkeitsbegrenzung aus.\n2. Klicke auf ein Straßensegment, um die ausgewählte Begrenzung anzuwenden.\n\nVerfügbare Tastenkombinationen:\n\n- Umschalt: Halte die Taste beim Klicken, um Geschwindigkeitsbegrenzungen auch auf benachbarte Straßensegmente anzuwenden.\n- Strg: Halte die Taste beim Klicken, um Geschwindigkeitsbegrenzungen für einzelne Fahrspuren zu setzen.","Set up speed restrictions.\n\n1. In the window, click on the speed limit you want to set.\n2. Click on a road segment to change the speed limit.\n\nAvailable hotkeys:\n\n- Shift: Hold Shift while clicking to apply speed limits to multiple road segments at once.\n- Ctrl: Hold Ctrl to control speed limits per individual lane.","Set up speed restrictions.\n\n1. In the window, click on the speed limit you want to set.\n2. Click on a road segment to change the speed limit.\n\nAvailable hotkeys:\n\n- Shift: Hold Shift while clicking to apply speed limits to multiple road segments at once.\n- Ctrl: Hold Ctrl to control speed limits per individual lane.","Configurer les restrictions de limitation de vitesse.\n\n1. Dans la fenêtre, cliquez sur la limite de vitesse que vous souhaitez définir.\n2. Cliquez sur un segment de route pour changer la limitation de vitesse.\n\nTouches de raccourci disponibles :\n\n- Shift : Maintenez la touche Maj enfoncée tout en cliquant pour appliquer des limitations de vitesse à plusieurs segments de route à la fois.\n- Ctrl : Maintenez la touche Ctrl enfoncée pour contrôler les limitations de vitesse par voie individuelle.","Állítsa be a sebességkorlátozásokat. \n\n1. Az ablakban kattintson a beállítani kívánt sebességkorlátozásra. \n2. Kattintson egy útszakaszra a sebességkorlátozás megváltoztatásához. \n\nHatékony gyorsbillentyűk: \n\n- Shift: Tartsa lenyomva a Shift billentyűt, ha egyszerre több sebességet szeretne alkalmazni a sebességkorlátozásokra. \n- Ctrl: Tartsa lenyomva a Ctrl billentyűt a sebességkorlátozások ellenőrzéséhez. egyedi sávonként.","Set up speed restrictions.\n\n1. In the window, click on the speed limit you want to set.\n2. Click on a road segment to change the speed limit.\n\nAvailable hotkeys:\n\n- Shift: Hold Shift while clicking to apply speed limits to multiple road segments at once.\n- Ctrl: Hold Ctrl to control speed limits per individual lane.","速度制限を設定します。\n\n1. ウィンドウで、設定したい制限速度をクリックします。\n2. 制限速度を変更するには、道路区間をクリックしてください。\n\n利用可能なホットキー:\n\n- Shift: Shiftキーを押しながらクリックすると、一度に複数の道路区間に制限速度が適用されます。\n- Ctrl: 個々の車線ごとの制限速度を制御するにはCtrlを押します。","속도를 준수하도록 제한 할 수 있습니다.\n\n1. 속도 제한 패널창에서, 제한하고 싶은 속도를 클릭합니다.\n 해당 도로구간을 클릭하여 속도 제한을 변경합니다\n\n사용할 수 있는 단축키 :\n\n- Shift : 쉬프트키를 누른 상태로 도로구간을 클릭하면 한번에 적용 됩니다.\n- Ctrl : 컨트롤키를 누른 상태로 각 차선마다 속도를 제한 할 수 있습니다","Set up speed restrictions.\n\n1. In the window, click on the speed limit you want to set.\n2. Click on a road segment to change the speed limit.\n\nAvailable hotkeys:\n\n- Shift: Hold Shift while clicking to apply speed limits to multiple road segments at once.\n- Ctrl: Hold Ctrl to control speed limits per individual lane.","Ustaw limity prędkości.\n\n1. W okienku, kliknij na wybrany limit prędkości.\n2. Kliknij na wybrany odcinek drogi, aby zastosować limit.\n\nSkróty klawiszowe:\n\n- Shift: Przytrzymaj Shift podczas wybierania, aby zastosować limit to wielu segmentów.\n- Ctrl: Przytrzymaj Ctrl, aby ustawić limit dla konkretnego pasa ruchu.","Set up speed restrictions.\n\n1. In the window, click on the speed limit you want to set.\n2. Click on a road segment to change the speed limit.\n\nAvailable hotkeys:\n\n- Shift: Hold Shift while clicking to apply speed limits to multiple road segments at once.\n- Ctrl: Hold Ctrl to control speed limits per individual lane.","Настройка ограничений скорости.\n\n1. В окне нажмите на ограничение скорости, которое вы хотите установить.\n2. Нажмите на сегмент дороги, чтобы изменить ограничение скорости.\n\nДоступные горячие клавиши:\n\n- Shift: Удерживайте нажатой клавишу Shift, чтобы одновременно применять ограничения скорости для нескольких сегментов дороги.\n- Ctrl: Удерживайте Ctrl, чтобы контролировать ограничения скорости на каждую полосу.","設定道路速限\n\n1. 在視窗中點擊欲設定的速限選項。\n2. 點擊一路段以變更道路速限。\n\n快速鍵：\n\n- Shift：按住Shift 再點擊以一次更動整條路的速限。\n- Ctrl：按住Ctrl 來控制不同車道的速限。","设置道路限速。\n\n1. 在窗口中单击你想要设置的限速\n2. 单击一个路段来应用限速\n\n可用热键：\n\n- Shift：按住可一次性应用限速至多个路段\n- Ctrl：按住来单独设置每条车道的限速","Set up speed restrictions.\n\n1. In the window, click on the speed limit you want to set.\n2. Click on a road segment to change the speed limit.\n\nAvailable hotkeys:\n\n- Shift: Hold Shift while clicking to apply speed limits to multiple road segments at once.\n- Ctrl: Hold Ctrl to control speed limits per individual lane.","","Керування обмеженнями швидкості.\n\n1. Виберіть з палітри знак швидкості, який ви бажаєте застосувати для одної або декількох доріг.\n2. Далі на мапі натискайте на кожний сегмент шляху, який потребує зміни обмеження швидкості.\n\nНаявні клавіші керування:\n\n- Shift: Тримайте Shift, аби застосувати зміни швидкості до всіх сегментів шляху між двома перехрестями.\n- Ctrl: Тримайте Ctrl, аби з'явилась можливість задавати обмеження для кожної смуги руху."
"TMPE_TUTORIAL_BODY_SpeedLimitsTool_Defaults","1. Benutze die Pfeiltasten in der oberen Hälfte des Fensters, um zwischen allen verfügbaren Straßensegmenten umzuschalten.\n2. Wähle auf die gleiche Weise in der unteren Hälfte die gewünschte Geschwindigkeitsbegrenzung aus.\n3. Klicke auf ""Speichern"" um die Auswahl für in der Zukunft gebaute Straßensegmente des gewählten Typs anzuwenden. Klicke auf ""Speichern & Anwenden"", um die Auswahl auch für bereits gebaute Straßen des gewählten Typs anzuwenden.","1. Use the arrows in the upper half to cycle through all road types.\n2. In the lower half, select a speed limit.\n3. Click on ""Save"" to set the selected speed limit as default for future road segments of the selected type. Click on ""Save & Apply"" to also update all existing roads of the selected type.","1. Use the arrows in the upper half to cycle through all road types.\n2. In the lower half, select a speed limit.\n3. Click on ""Save"" to set the selected speed limit as default for future road segments of the selected type. Click on ""Save & Apply"" to also update all existing roads of the selected type.","1. Utilisez les flèches dans la moitié supérieure pour parcourir tous les types de routes.\n2. Dans la moitié inférieure, sélectionnez une limite de vitesse.\n3. Cliquez sur ""Enregistrer"" pour définir la limite de vitesse sélectionnée par défaut pour les futurs segments de route du type sélectionné. Cliquez sur ""Enregistrer et appliquer"" pour également mettre à jour toutes les routes existantes du type sélectionné.","1. Használja a felső rész nyilait az összes úttípus átjárásához. \n2. Az alsó részben válassza ki a sebességkorlátozást. \n3. Kattintson a ""Mentés"" gombra a kiválasztott sebességkorlátozás alapértelmezett beállításához a kiválasztott típusú jövőbeli útszakaszokra. Kattintson a ""Mentés és alkalmazás"" gombra a kiválasztott típusú összes meglévő út frissítéséhez.","1. Use the arrows in the upper half to cycle through all road types.\n2. In the lower half, select a speed limit.\n3. Click on ""Save"" to set the selected speed limit as default for future road segments of the selected type. Click on ""Save & Apply"" to also update all existing roads of the selected type.","1. 上半分の矢印を使用して、すべての道路タイプを順に切り替えます。\n2. 下半分で、制限速度を選択します。\n3. 「保存」をクリックして、選択した制限速度を選択したタイプの将来の道路区間のデフォルトとして設定します。 選択した種類の既存の道路をすべて更新するには、「保存して適用」をクリックします。","1. 화살표를 통해 도로 유형을 정합니다.\n2. 아래에 위치한 화살표를 통해 제한할 속도를 정합니다.\n3. ""저장""을 클릭하면 앞으로 설치되는 해당 도로유형이 설정된 속도 제한값으로 설정됩니다.\n4. ""저장 & 적용""을 클릭하면 모든 이전에 설치되어 있던 해당 도로도 해당 속도제한 규칙이 적용됩니다.","1. Use the arrows in the upper half to cycle through all road types.\n2. In the lower half, select a speed limit.\n3. Click on ""Save"" to set the selected speed limit as default for future road segments of the selected type. Click on ""Save & Apply"" to also update all existing roads of the selected type.","1. Użyj strzałek u góry, aby przęłączać pomiędzy dostępnymi typami dróg.\n2. Poniżej, wybierz limit prędkości.\n3. Naciśnij ""Zapisz"", aby ustawić wybrany limit prędkości jako domyślny dla nowo wybudowanych dróg wybranego typu. Naciścij ""Zapisz i zastosuj"", aby zaktualizować wszystkie już istniejące drogi wybranego typu.","1. Use the arrows in the upper half to cycle through all road types.\n2. In the lower half, select a speed limit.\n3. Click on ""Save"" to set the selected speed limit as default for future road segments of the selected type. Click on ""Save & Apply"" to also update all existing roads of the selected type.","1. Используйте клавиши со стрелками в верхней половине окна для переключения между всеми доступными сегментами дороги.\n2. В нижней половине выберите ограничение скорости.\n3. Нажмите ""Сохранить"", чтобы установить выбранный предел скорости по умолчанию для будущих сегментов дороги выбранного типа. Нажмите ""Сохранить и применить"", чтобы обновить все существующие дороги выбранного типа.","1. 在上半部視窗的箭號來瀏覽所有的道路類型。\n2. 在下半部視窗中選取預設速限。\n3. 點擊""儲存"" 將所選的速限設為該道路的預設速限。點擊""儲存並套用"" 將更新所有該道路的預設速限。","1. 在上半部分使用箭头来(循环)选择所有的道路种类\n2. 在下半部分选择限速\n3. 单击""保存""来设置所选限速为新建该种类道路的默认;单击""保存 & 应用""来同时更新所选种类已有的道路","1. Use the arrows in the upper half to cycle through all road types.\n2. In the lower half, select a speed limit.\n3. Click on ""Save"" to set the selected speed limit as default for future road segments of the selected type. Click on ""Save & Apply"" to also update all existing roads of the selected type.","","1. Використовуйте палітру доріг та кнопки стрілок для вибору сегменту дороги, який бажаєте переглянути та змінити.\n2. В нижній половині оберіть бажану швидкість по замовчанню.\n3. Натисніть ""Зберегти"", це встановить швидкість для всіх майбутніх нових сегментів шляху цього типу. Натисніть ""Зберегти і застосувати"", це встановить швидкість для всіх сегментів цього типу, швидкість для яких ще не була змінена вручну."
"TMPE_TUTORIAL_BODY_TimedTrafficLightsTool","Definiere zeitgesteuerte Ampeln.\n\n1. Klicke auf eine Kreuzung.\n2. Klicke im Fenster auf ""Schritt hinzufügen"".\n3. Klick auf die Overlayelemente, um den gewünschten Zustand der Ampeln festzulegen.\n4. Klicke auf ""Hinzufügen"".\n5. Wiederhole die obigen Schritte bei Bedarf.","Set up timed traffic lights.\n\n1. Click on a junction.\n2. In the window, click on ""Add step"".\n3. Click on the overlay elements to set desired traffic lights states.\n4. Click on ""Add"".\n5. Repeat as desired.\n\nUse CTRL+click on a junction to quickly setup default timed traffic lights.","Set up timed traffic lights.\n\n1. Click on a junction.\n2. In the window, click on ""Add step"".\n3. Click on the overlay elements to set desired traffic lights states.\n4. Click on ""Add"".\n5. Repeat as desired.","Mettre en place des feux de circulation chronométrés.\n\n1. Cliquez sur une intersection.\n2. Dans la fenêtre, cliquez sur ""Ajouter une étape"".\n3. Cliquez sur les éléments de superposition pour définir les états de feux de circulation souhaités.\n4. Cliquez sur ""Ajouter"".\n5. Répétez comme vous le désirez.","Állítsa be az időzített közlekedési lámpákat. \n\n1. Kattintson a kereszteződésre. \n2. Az ablakban kattintson az ""Lépés hozzáadása"" gombra. \n3. Kattintson az overlay elemekre a kívánt jelzőlámpák állapotának beállításához. \n4. Kattintson a ""Hozzáadás"" gombra. \n5. Ismételje meg kívánt módon.","Set up timed traffic lights.\n\n1. Click on a junction.\n2. In the window, click on ""Add step"".\n3. Click on the overlay elements to set desired traffic lights states.\n4. Click on ""Add"".\n5. Repeat as desired.","時間設定付き信号を設定します。\n\n1. 交差点をクリックします。\n2. ウィンドウ内で、 「状態の追加」をクリックしてください。\n3. オーバーレイ要素をクリックして、目的の信号機の状態を設定します。\n4. 「追加」をクリックしてください。\n5. 必要に応じて繰り返してください。","신호등 시간표를 구성 할 수 있습니다.\n\n1. 교차로를 클릭합니다.\n2. 선택된 교차로 목록 패널에서 ""신호등 시간 설정""을 클릭합니다.\n3. 신호등 시간표 관리자 패널에서 현재 구성된 단계들을 볼 수 있습니다.\n4. ""단계 추가""를 클릭합니다.\n5. 원하는 만큼 계속 반복합니다.","Set up timed traffic lights.\n\n1. Click on a junction.\n2. In the window, click on ""Add step"".\n3. Click on the overlay elements to set desired traffic lights states.\n4. Click on ""Add"".\n5. Repeat as desired.","Ustawianie czasowej sygnalizacji.\n\n1. Wybierz skrzyżowanie.\n2. W okienku, kliknij ""Ustaw czasową sygnalizację świetlną"", następnie ""Dodaj krok"".\n3. Ustaw pożądany stan sygnalizacji, klikając na wybrany sygnalizator.\n4. Kliknij ""Dodaj"".\n5. Powtórz kroki jeśli konieczne.","Set up timed traffic lights.\n\n1. Click on a junction.\n2. In the window, click on ""Add step"".\n3. Click on the overlay elements to set desired traffic lights states.\n4. Click on ""Add"".\n5. Repeat as desired.","Настройка светофоров.\n\n1. Нажмите на перекрёсток. В окне нажмите ""Настройка интервала времени""\n2. В окне нажмите ""Добавить шаг"".\n3. Нажмите на элементы наложения(оверлеи), чтобы установить требуемые режимы светофоров.\n4. Нажмите ""Добавить"".\n5. Повторите по необходимости.","設定自訂號誌燈。\n\n1. 點擊一路口。\n2. 點擊視窗內的""新增階段""。 \n3. 點擊圖面上的號誌以設定想要的號誌狀態。\n4. 點擊""新增""。 \n5. 重複上述步驟。","设置红绿灯定时。\n\n1. 单击一个路口\n2. 在窗口中单击""添加定时""\n3. 单击覆盖元素来设置所要的红绿灯状态\n4. 单击""添加""\n5. 按需重复","Set up timed traffic lights.\n\n1. Click on a junction.\n2. In the window, click on ""Add step"".\n3. Click on the overlay elements to set desired traffic lights states.\n4. Click on ""Add"".\n5. Repeat as desired.","","Керування групами світлофорів.\n\n1. Оберіть перехрестя. У вікні натисніть: ""Налагодити групу світлофорів""\n2. У вікні натисніть ""Додати крок"".\n3. На мапі з'являться накладені зображення світлофорів, натискайте на них для вибору бажаного режиму.\n4. Натисніть ""Додати"".\n5. Повторюйте декілька разів за потребою."
"TMPE_TUTORIAL_BODY_TimedTrafficLightsTool_AddJunction","Klicke auf eine andere Kreuzung, um sie der Schaltung hinzuzufügen. Die Ampelschaltung wird danach beide Kreuzungen gleichzeitig steuern.\n\nKlicke irgendwo mit der sekundären Maustaste, um die Operation abzubrechen.","Click on another junction to add it. Both lights will be joined such that the timed program will then control both junctions at once.\n\nClick anywhere with your secondary mouse button to cancel the operation.","Click on another junction to add it. Both lights will be joined such that the timed program will then control both junctions at once.\n\nClick anywhere with your secondary mouse button to cancel the operation.","Cliquez sur une autre intersection pour l'ajouter. Les deux feux seront associés de sorte que le programme chronométré contrôlera ensuite les deux intersections à la fois.\n\nCliquez n'importe où avec le bouton secondaire de la souris pour annuler l'opération.","Kattintson egy másik kereszteződésre a hozzáadásához. Mindkét lámpát összekapcsolják úgy, hogy az időzített program azután mindkét csomópontot egyszerre irányítsa. \n\nKattintson a másodlagos egérgombbal bárhol a művelet megszakításához.","Click on another junction to add it. Both lights will be joined such that the timed program will then control both junctions at once.\n\nClick anywhere with your secondary mouse button to cancel the operation.","追加するには、他の交差点をクリックします。 両方の信号は、時間設定プログラムが両方の交差点を一度に制御するように結合されます。\n\n操作をキャンセルするには、マウスの右ボタンで任意の場所をクリックします。","다른 교차로를 클릭하여 추가하십시오. 선택된 교차로의 신호등들은 구성된 시간표와 신호에 맞게 같이 작동되게 됩니다.\n\n교차로에서 신호등 시간표를 추가하는 것을 중단하려면 마우스 우클릭을 클릭하십시오.","Click on another junction to add it. Both lights will be joined such that the timed program will then control both junctions at once.\n\nClick anywhere with your secondary mouse button to cancel the operation.","Kliknij na innym skrzyżowaniu, aby je dodać. Obydwa skrzyżowania zostaną połączone, ustawienia czasowej sygnalizacji będą działać na nich jednocześnie.\n\nKliknij gdziekolwiek prawym klawiszem myszy, aby anulować operację.","Click on another junction to add it. Both lights will be joined such that the timed program will then control both junctions at once.\n\nClick anywhere with your secondary mouse button to cancel the operation.","Нажмите на другой перекрёсток, чтобы добавить его. Программа с таймером будет контролировать светофоры на обоих перекрёстках одновременно.\n\nЩёлкните в любом месте дополнительной кнопкой мышки, чтобы отменить операцию.","點擊以加入另外一個路口。兩個路口的號誌燈都會被同一組設定控制。 \n\n 在任意處點擊滑鼠右鍵來取消設定。","单击另一个路口来添加：两个红绿灯将被连接从而定时器将会同时控制两个路口\n\n任意位置单击右键来取消","Click on another junction to add it. Both lights will be joined such that the timed program will then control both junctions at once.\n\nClick anywhere with your secondary mouse button to cancel the operation.","","Натисніть на перехрестя, для того, аби додати його до групи світлофорів. Програма з таймером буде контролювати світлофори на всіх перехрестях групи одночасно.\n\nНатисніть будь де на мапі праву кнопку миші для відміни операції."
"TMPE_TUTORIAL_BODY_TimedTrafficLightsTool_AddStep","1. Klick auf eine Ampel innerhalb des Overlays, um ihren Zustand zu ändern. Verwende die ""Change mode""-Schaltfläche im Overlay, um Ampeln für verschiedene Richtungen hinzuzufügen.\n2. Gebe eine Minimal- und Maximaldauer für den Zeitschritt ein. Sobald die Minimalzeit verstrichen ist, wird die Ampelschaltung die ankommendenen Fahrzeuge messen und die Zahlen für alle Richtungen miteinander vergleichen.\n3. (optional) Konfiguriere die adaptive Schrittumschaltung. Im Standard wird der Schritt gewechselt, wenn (grob) weniger Fahrzeuge die Kreuzung durchqueren als Fahrzeuge warten.\n4. (optional) Konfiguriere die Sensitivität der Ampelschaltung. Ziehe den Regler z.B. nach links, um die Ampel weniger sensibel für wartende Fahrzeuge zu machen.","1. Within the in-game overlay, click on the traffic lights to change their state. Use the ""Change mode"" button to add directional traffic lights.\n2. Enter both a minimum and maximum duration for the step. After the min. time has elapsed the traffic light will count and compare approaching vehicles.\n3. Optionally, select a step switching type. Per default, the step changes if roughly less vehicles are driving than waiting.\n4. Optionally, adjust the light's sensitivity. For example, move the slider to the left to make the timed traffic light less sensitive for waiting vehicles.","1. Within the in-game overlay, click on the traffic lights to change their state. Use the ""Change mode"" button to add directional traffic lights.\n2. Enter both a minimum and maximum duration for the step. After the min. time has elapsed the traffic light will count and compare approaching vehicles.\n3. Optionally, select a step switching type. Per default, the step changes if roughly less vehicles are driving than waiting.\n4. Optionally, adjust the light's sensitivity. For example, move the slider to the left to make the timed traffic light less sensitive for waiting vehicles.","1. Pendant le jeu, cliquez sur les feux de circulation pour changer leur état. Utilisez le bouton ""Changer de mode"" pour ajouter des feux de circulation directionnels.\n2. Entrez à la fois une durée minimale et maximale pour l'étape. Après le temps minimum écoulé, le feu de circulation comptera et comparera les véhicules qui approchent.\n3. En option, sélectionnez un type de changement d'étape. Par défaut, l'étape change si à peu près moins de véhicules sont en train de rouler qu'en attente.\n4. En option, ajustez la sensibilité du feu. Par exemple, déplacez le curseur vers la gauche pour le rendre moins sensible aux véhicules en attente.","1. A játékon belüli átfedésben kattintson a közlekedési lámpákra az állapotuk megváltoztatásához. Használja a „Módmód” gombot az irányjelző lámpák hozzáadásához. \n2. Írja be a lépés minimális és maximális időtartamát is. A perc után eltelt az idő, a lámpánál számít és összehasonlítják a közeledő járműveket. \n3. Opcionálisan válassza ki a lépésváltás típusát. Alapértelmezés szerint a lépés megváltozik, ha körülbelül kevesebb jármű vezet, mint várakozik. \n4. Opcionálisan állítsa be a fény érzékenységét. Például mozgassa a csúszkát balra, hogy az időzített jelzőlámpa kevésbé érzékeny legyen a várakozó járművekre.","1. Within the in-game overlay, click on the traffic lights to change their state. Use the ""Change mode"" button to add directional traffic lights.\n2. Enter both a minimum and maximum duration for the step. After the min. time has elapsed the traffic light will count and compare approaching vehicles.\n3. Optionally, select a step switching type. Per default, the step changes if roughly less vehicles are driving than waiting.\n4. Optionally, adjust the light's sensitivity. For example, move the slider to the left to make the timed traffic light less sensitive for waiting vehicles.","1. ゲーム内オーバーレイ内で、信号機をクリックして状態を変更します。 矢印信号を追加するには、「モードの変更」ボタンを使用します。\n2. ステップの最短時間と最長時間の両方を入力します。 最短時間が経過すると、信号機が接近してくる車両を数えて比較します。\n3. 必要に応じて、ステップ切り替えタイプを選択します。 デフォルトでは、待っているよりもおおよそ少ない車両が運転している場合、ステップは変わります。\n4. 必要に応じて、感度を調整してください。 たとえば、スライダーを左に動かすと、待機中の車両に対するタイムシグナルの感度が低くなります。","1. 신호등 변경 툴에서, 신호등을 클릭하여 신호를 변경할 수 있습니다. ""Change mode""를 클릭하면 신호등 방향을 구체적으로 설정 할 수 있습니다\n2. 최소시간과 최대시간은 분으로 구성되어 있습니다. 시간이 경과되면 접근하는 차량 수를 신호등이 비교를 합니다.\n3. 설정을 통해 다음단계로 어떻게 넘어갈 것인지 구성하십시오. 기본적으로는 운전하는 차량 수보다 대기 중인 차량수가 많으면 다음 단계로 변경됩니다.\n4. 신호등 주기 설정을 조절할 수 있습니다. 예를 들어,  슬라이드를 왼쪽으로 움직이게 하면 대기중인 차가 신호가 변경된 후 덜 혼잡하게 지나갈 수 있습니다.","1. Within the in-game overlay, click on the traffic lights to change their state. Use the ""Change mode"" button to add directional traffic lights.\n2. Enter both a minimum and maximum duration for the step. After the min. time has elapsed the traffic light will count and compare approaching vehicles.\n3. Optionally, select a step switching type. Per default, the step changes if roughly less vehicles are driving than waiting.\n4. Optionally, adjust the light's sensitivity. For example, move the slider to the left to make the timed traffic light less sensitive for waiting vehicles.","1. W ramach nakładki, kliknij na sygnalizatorze, aby zmienić jego stan. Użyj przycisku ""Zmiana trybu"", aby dodać kierunkowe sygnalizatory.\n2. Ustaw minimalny oraz maksymalny czas aktualnego kroku. Po upłynięciu minimalnego czasu sygnalizacja zacznie zliczać i porównywać ilość nadjeżdżających pojazdów.\n3. Opcjonalnie, wybierz tryb zmiany kroku. Domyślnie, krok zostaje zmieniony jeśli liczba poruszających się pojazdów jest dużo mniejsza niż oczekujących.\n4. Opcjonalnie, możesz dostosować czułość. Na przykład, przesuń suwak w lewo by zmniejszyć czułość na oczekujące pojazdy.","1. Within the in-game overlay, click on the traffic lights to change their state. Use the ""Change mode"" button to add directional traffic lights.\n2. Enter both a minimum and maximum duration for the step. After the min. time has elapsed the traffic light will count and compare approaching vehicles.\n3. Optionally, select a step switching type. Per default, the step changes if roughly less vehicles are driving than waiting.\n4. Optionally, adjust the light's sensitivity. For example, move the slider to the left to make the timed traffic light less sensitive for waiting vehicles.","1. Внутри игрового оверлея нажмите на светофоры, чтобы изменить их состояние. Используйте кнопку ""Изменить режим"", чтобы добавить стационарные светофоры.\n2. Введите как минимальную, так и максимальную продолжительность для шага. Очень скоро светофор начнёт считать и сравнивать приближающиеся транспортные средства.\n3. (опционально) Настройте адаптивное шаговое переключение. По умолчанию этот шаг изменяется когда, примерно, меньше транспортных средств пересекает перекрёсток, чем ожидающего транспорта.\n4. При необходимости отрегулируйте чувствительность переключения. Например, переместите ползунок влево, чтобы сделать настраиваемый светофор менее чувствительным к ожидающему транспорту.","1. 點擊遊戲圖面上的號誌燈來切換他們的狀態。 點擊""切換模式""以設定特定方向的號誌。\n2. 輸入該階段的最短和最長時間。 在該階段的最短時間過後，會計算並比較在路口停等或通過的車輛。\n3. 另外可以選擇切換到下一階段的條件類型。在預設情況下，超過最短時間且「通過車輛」約小於「停等車輛」時，號誌會跳到下一階段。\n4. 也可以選擇調整號誌燈的靈敏度。例如，調整滑塊至左側來降低對於停等車輛計算的靈敏度。","1. 单击红绿灯来切换他们的状态;使用""改变模式""按钮来添加定向的红绿灯\n2. 输入一个最小和最大区间：经过最小时间后红绿灯将统计并比较一段时间内的来车\n3. 可选红绿灯变换类型：默认情况下通行车辆少于等待车辆时变换\n4. 可选调整红绿灯的敏感度：例如移动滑条至左侧来使自定时红绿灯对等待车辆较不敏感","1. Within the in-game overlay, click on the traffic lights to change their state. Use the ""Change mode"" button to add directional traffic lights.\n2. Enter both a minimum and maximum duration for the step. After the min. time has elapsed the traffic light will count and compare approaching vehicles.\n3. Optionally, select a step switching type. Per default, the step changes if roughly less vehicles are driving than waiting.\n4. Optionally, adjust the light's sensitivity. For example, move the slider to the left to make the timed traffic light less sensitive for waiting vehicles.","","1. Натискайте на зображення світлофорів, накладені на мапу, для вибору бажаного режиму світлофорів. Використовуйте кнопку ""Зміна режиму"", аби додати стаціонарний світлофор.\n2. Введіть мінімальну та максимальну тривалість цього кроку програми. Світлофор почне рахувати кількість авто, яки наближуються до нього.\n3. (необов'язково) Активуйте адаптивне перемикання режимів. Зазвичай світлофор перемикається на наступний крок програми, коли наближуються менше машин, ніж вже очікують на перехресті.\n4. При необхідності відрегулюйте чутливість перемикання. Наприклад, зсуньте регулятор вліво, аби знизити чутливість світлофору до кількості автівок, які очікують проїзду."
"TMPE_TUTORIAL_BODY_TimedTrafficLightsTool_Copy","Klicke auf eine andere Kreuzung, um die Ampelschaltung dort einzufügen.\n\nKlicke irgendwo mit der sekundären Maustaste, um die Operation abzubrechen.","Click on another junction to paste the timed traffic light.\n\nClick anywhere with your secondary mouse button to cancel the operation.","Click on another junction to paste the timed traffic light.\n\nClick anywhere with your secondary mouse button to cancel the operation.","Cliquez sur un autre carrefour pour coller le feu de circulation chronométré.\n\nCliquez n'importe où avec le bouton secondaire de la souris pour annuler l'opération.","Kattintson egy másik kereszteződésre az időzített jelzőlámpa beillesztéséhez. \n\nKattintson a másodlagos egérgombbal bárhol a művelet megszakításához.","Click on another junction to paste the timed traffic light.\n\nClick anywhere with your secondary mouse button to cancel the operation.","別の交差点をクリックして時間設定付き信号を貼り付けます。\n\n操作をキャンセルするには、マウスの右ボタンで任意の場所をクリックします。","클릭을 통해 다른 교차로에 같은 신호등 시간표를 적용할 수 있습니다.\n\n원하는 곳을 클릭하여 복제한 후 마우스 우클릭을 통해 복제를 종료할 수 있습니다.","Click on another junction to paste the timed traffic light.\n\nClick anywhere with your secondary mouse button to cancel the operation.","Kliknij na innym skrzyżowaniu, aby wkleić skopiowane ustawienie.\n\nKliknij gdziekolwiek prawym przyciskiem myszy, aby anulować operację.","Click on another junction to paste the timed traffic light.\n\nClick anywhere with your secondary mouse button to cancel the operation.","Нажмите на другой перекрёсток, чтобы разместить настраиваемый светофор.\n\nЩёлкните в любом месте дополнительной кнопкой мышки, чтобы отменить операцию.","點擊另一個路口以貼上同樣的自訂號誌燈設定。\n\n在任意處點擊滑鼠右鍵以取消設定。","单击另一个路口来粘贴。\n\n任意位置单击右键来取消","Click on another junction to paste the timed traffic light.\n\nClick anywhere with your secondary mouse button to cancel the operation.","Süreli trafik ışığını kopyalamak için bir kavşağa tıklayın.\n\nİptal etmek için ikincil fare tuşunuzla herhangi bir yere tıklayın.","Натисніть на інше перехрестя, де буде розміщена копія світлофору.\n\nНатисніть праву кнопку миші будь де на мапі, аби відмінити операцію."
"TMPE_TUTORIAL_BODY_TimedTrafficLightsTool_RemoveJunction","Klicke auf eine der Kreuzungen, die momentan von der Ampelschaltungen kontrolliert werden. Die selektierte Ampel wird entfernt, so dass die Ampelschaltung die Kreuzung nicht mehr kontrolliert.\n\nKlicke irgendwo mit der sekundären Maustaste, um die Operation abzubrechen.","Click on one of the junctions that are controlled by this timed program. The selected traffic light will be removed such that the timed programm will no longer manage it.\n\nClick anywhere with your secondary mouse button to cancel the operation.","Click on one of the junctions that are controlled by this timed program. The selected traffic light will be removed such that the timed programm will no longer manage it.\n\nClick anywhere with your secondary mouse button to cancel the operation.","Cliquez sur l'une des intersections contrôlées par ce programme chronométré. Le feu sélectionné sera supprimé de telle sorte que le programme chronométré ne le gérera plus.\n\nCliquez n'importe où avec le bouton secondaire de la souris pour annuler l'opération.","Kattintson az egyik olyan csomópontra, amelyet ez az időzített program irányít. A kiválasztott jelzőlámpa eltávolításra kerül, így az időzített program már nem fogja kezelni. \n\nKattintson a másodlagos egérgombbal bárhol a művelet megszakításához.","Click on one of the junctions that are controlled by this timed program. The selected traffic light will be removed such that the timed programm will no longer manage it.\n\nClick anywhere with your secondary mouse button to cancel the operation.","この時間設定プログラムによって制御されている交差点の1つをクリックします。 選択した信号機は削除され、時間設定プログラムによって管理されなくなります。\n\n操作をキャンセルするには、マウスの右ボタンで任意の場所をクリックします。","신호등 시간표가 구성되어 있는 교차로를 클릭하십시오. 클릭된 신호등은 더 이상 해당 시간표 통제를 받지않게 됩니다.\n\n교차로에서 신호등 시간표를 제거하는 것을 중단하려면 마우스 우클릭을 클릭하십시오.","Click on one of the junctions that are controlled by this timed program. The selected traffic light will be removed such that the timed programm will no longer manage it.\n\nClick anywhere with your secondary mouse button to cancel the operation.","Kliknij na jednym ze skrzyżować kontrolowanych przez czasową sygnalizację. Wybrane skrzyżowanie zostanie usunięte spod kontroli programu czasowej sygnalizacji.\n\nKliknij gdziekolwiek prawym klawiszem myszy, aby anulować operację.","Click on one of the junctions that are controlled by this timed program. The selected traffic light will be removed such that the timed programm will no longer manage it.\n\nClick anywhere with your secondary mouse button to cancel the operation.","Нажмите на один из перекрёстков, которые контролируются этой программой времени. Выбранный светофор будет удален таким образом, что программа с таймером больше не будет управлять им.\n\nЩёлкните в любом месте дополнительной кнопкой мышки, чтобы отменить операцию.","點擊一個已經設定好自訂號誌燈的路口。所選的路口將會移除所有自訂號誌燈設定。\n\n在任意處點擊滑鼠右鍵以取消設定。","单击一个由该定时器控制的路口：所选的红绿灯将被移除从而该定时器将不再控制它\n\n任意位置单击右键来取消","Click on one of the junctions that are controlled by this timed program. The selected traffic light will be removed such that the timed programm will no longer manage it.\n\nClick anywhere with your secondary mouse button to cancel the operation.","","Натисніть на одне з перехресть, які належать до групи світлофорів з даною програмою. Обраний світлофор будет вилучений з програми.\n\nНатисніть праву кнопку миші будь де на мапі, аби відмінити операцію."
"TMPE_TUTORIAL_BODY_ToggleTrafficLightsTool","Füge Ampeln hinzu oder lösche sie von Kreuzungen.\n\nKlicke auf eine Kreuzung, um ihre Ampel ein- oder auszuschalten.","Add or remove traffic lights to/from junctions.\n\nClick on a junction to toggle traffic lights.","Add or remove traffic lights to/from junctions.\n\nClick on a junction to toggle traffic lights.","Ajouter ou supprimer des feux de circulation aux intersections.\n\nCliquez sur une intersection pour basculer l'état des feux de circulation.","Adjon hozzá vagy távolítson el jelzőlámpákat a kereszteződésről / a kereszteződésből. \n\nKattintson egy kereszteződésre a közlekedési lámpák váltásához.","Add or remove traffic lights to/from junctions.\n\nClick on a junction to toggle traffic lights.","信号機の交差点への追加または削除をします。\n\n交差点をクリックして信号を付け外しします。","교차로에 있는 신호등을 추가/제거 할 수 있습니다.\n\n교차로를 클릭하여 신호등을 추가/제거 하십시오.","Add or remove traffic lights to/from junctions.\n\nClick on a junction to toggle traffic lights.","Dodaj lub usuń sygnalizację świetlną ze skrzyżowania.\n\nKliknij na wybranym skrzyżowaniu, aby przełączyć stan.","Add or remove traffic lights to/from junctions.\n\nClick on a junction to toggle traffic lights.","Добавление или удаление светофоров на перекрёстках.\n\nНажмите на перекрёсток для управления светофорами.","新增或移除路口的號誌燈。\n\n點擊路口以調整設定。","对路口增加/删除红绿灯。\n\n单击一个路口来增删红绿灯","Add or remove traffic lights to/from junctions.\n\nClick on a junction to toggle traffic lights.","","Встановлення світлофору.\n\nНатисніть на перехрестя, і наші робітники одразу встановлять там простий світлофор для всіх напрямків."
"TMPE_TUTORIAL_BODY_VehicleRestrictionsTool","Erlaube oder verbiete Fahrzeugen, bestimmte Straßensegmente zu benutzen.\n\n1. Klicke auf ein Straßensegment.\n2. Klicke auf die Symbole, um die Beschränkungen ein- oder auszuschalten.\n\nUnterschiedene Fahrzeugtypen:\n\n- Straßenfahrzeuge: KFZ, Busse, Taxen, Lieferwagen/Laster, Dienstleistungen, Notfallfahrzeuge\n- Züge: Passagierzüge, Frachtzüge\n\nVerfügbare Tastenkombinationen:\n\n- Umschalt: Halte die Taste beim Klicken, um Fahrzeugbeschränkungen auch auf benachbarte Straßen-/Schienensegmente anzuwenden.","Ban vehicles from certain road segments.\n\n1. Click on a road segment.\n2. Click on the icons to toggle restrictions.\n\nDistinguished vehicle types:\n\n- Road vehicles: Passenger cars, buses, taxis, cargo trucks, service vehicles, emergency vehicles\n- Rail vehicles: Passenger trains, cargo trains\n\nAvailable hotkeys:\n\n- Shift: Hold Shift while clicking to apply restrictions to multiple road segments at once.","Ban vehicles from certain road segments.\n\n1. Click on a road segment.\n2. Click on the icons to toggle restrictions.\n\nDistinguished vehicle types:\n\n- Road vehicles: Passenger cars, busses, taxis, cargo trucks, service vehicles, emergency vehicles\n- Rail vehicles: Passenger trains, cargo trains\n\nAvailable hotkeys:\n\n- Shift: Hold Shift while clicking to apply restrictions to multiple road segments at once.","Interdire les véhicules sur certaines portions de route.\n\n1. Cliquez sur une portion ou segment de route.\n2. Cliquez sur les icônes pour faire basculer les restrictions.\n\nDistinction des types de véhicules :\n\n- Véhicules routiers : Voitures de tourisme, autobus, taxis, camions de fret, véhicules de service, véhicules d'urgence\n- Véhicules ferroviaires : Trains de voyageurs, trains de marchandises\n\nTouches de raccourci disponibles :\n\n- Shift : Maintenez la touche Maj enfoncée tout en cliquant pour appliquer des restrictions à plusieurs portions ou segments de route à la fois.","Bizonyos útszakaszokból tiltsa le a járműveket. \n\n1. Kattintson egy útszakaszra. \n2. Kattintson az ikonokra a korlátozások váltásához. \n\nTípusú járműtípusok: \n\n- Közúti járművek: Személygépkocsik, buszok, taxik, tehergépkocsik, szolgálati járművek, mentőautók","Ban vehicles from certain road segments.\n\n1. Click on a road segment.\n2. Click on the icons to toggle restrictions.\n\nDistinguished vehicle types:\n\n- Road vehicles: Passenger cars, busses, taxis, cargo trucks, service vehicles, emergency vehicles\n- Rail vehicles: Passenger trains, cargo trains\n\nAvailable hotkeys:\n\n- Shift: Hold Shift while clicking to apply restrictions to multiple road segments at once.","特定の道路区間の車両を禁止する。\n\n1. 道路区間をクリックします。\n2. アイコンをクリックして制限を切り替えます。\n\n区別された車種:\n\n- 道路車両: 乗用車,バス,タクシー,貨物トラック,公共サービス車両、緊急車両\n- 鉄道車両：旅客列車、貨物列車\n\n利用可能なホットキー:\n\n- Shift: Shiftキーを押しながらクリックすると、一度に複数の道路区間に制限が適用されます。","특정 도로구간에 차량접근을 통제 할 수 있습니다.\n\n1. 도로구간을 클릭하십시오.\n2. 아이콘을 클릭하여 접근을 통제하십시오.\n\n 유형별 차량 종류 :\n\n- 도로 차량 : 승용차, 버스, 택시, 화물차, 서비스차량, 긴급차량\n- 철도 차량 : 여객기차, 화물기차\n\n사용할 수 있는 단축키 :\n\n- Shift : 쉬프트키를 누른 상태로 도로구간을 클릭하면 한번에 해당차량 접근을 통제할 수 있습니다.","Ban vehicles from certain road segments.\n\n1. Click on a road segment.\n2. Click on the icons to toggle restrictions.\n\nDistinguished vehicle types:\n\n- Road vehicles: Passenger cars, busses, taxis, cargo trucks, service vehicles, emergency vehicles\n- Rail vehicles: Passenger trains, cargo trains\n\nAvailable hotkeys:\n\n- Shift: Hold Shift while clicking to apply restrictions to multiple road segments at once.","Zabroń wjazdu pojazdom na konkretnych odcinkach drogi.\n\n1. Kliknij na odcinku drogi.\n2. Kliknij na wybranej ikonie, aby wł/wył ograniczenie.\n\nDostępne typy pojazdów:\n\n- Pojazdy drogowe: samochody, autobust, taxi, ciężarówki, pojazdy usługowe, pojazdy uprzywilejowane\n- Pojazdy szynowe: pociągi pasażerskie, towarowe\n\nSkróty klawiszowe:\n\n- Shift: Przytrzymaj Shift podczas klikania, aby zastosować ograniczenia do kilku odcinków drogi jednocześnie.","Ban vehicles from certain road segments.\n\n1. Click on a road segment.\n2. Click on the icons to toggle restrictions.\n\nDistinguished vehicle types:\n\n- Road vehicles: Passenger cars, busses, taxis, cargo trucks, service vehicles, emergency vehicles\n- Rail vehicles: Passenger trains, cargo trains\n\nAvailable hotkeys:\n\n- Shift: Hold Shift while clicking to apply restrictions to multiple road segments at once.","Разрешить или запретить типам транспорта использовать определённые сегменты дороги.\n\n1. Нажмите на сегмент дороги.\n2. Нажмите на значки, чтобы переключить ограничения.\n\nИспользуемые типы транспортных средств:\n\n- Дорожные транспортные средства: легковые автомобили, автобусы, такси, грузовые автомобили, служебные транспортные средства, аварийные транспортные средства\n- Железнодорожные транспортные средства: пассажирские поезда, грузовые поезда\n\nГорячая клавиша:\n\n- Shift: Удерживайте нажатой клавишу Shift, одновременно применяя ограничения для нескольких сегментов дороги.","在特定路段上禁止特定種類的車輛通行。\n2. 點擊一路段。\n\n不同的車輛種類有：\n\n- 道路車輛：私家車、計程車、貨車、公共服務車輛、緊急服務車輛。\n- 鐵路車輛：客運火車、貨運火車。\n\n快捷鍵：n\n- Shift：按住Shift 再點擊以一次套用相同設定在同一條路上。","禁止车辆通过特定路段。\n\n1. 单击一个路段\n2. 单击图标来切换限制\n\n车辆种类：\n\n- 公路车辆：客车、公交车、出租车、货车、服务车辆、应急车辆\n- 轨道车辆：客运列车、货运列车\n\n可用热键：\n\n- Shift：按住可一次性应用车种限制至多个路段","Ban vehicles from certain road segments.\n\n1. Click on a road segment.\n2. Click on the icons to toggle restrictions.\n\nDistinguished vehicle types:\n\n- Road vehicles: Passenger cars, buses, taxis, cargo trucks, service vehicles, emergency vehicles\n- Rail vehicles: Passenger trains, cargo trains\n\nAvailable hotkeys:\n\n- Shift: Hold Shift while clicking to apply restrictions to multiple road segments at once.","","Інструмент заборони проїзду для певних видів транспорту.\n\n1. Натисніть на сегмент шляху.\n2. На мапі натискайте на накладені зображення знаків для перемикання обмежень.\n\nНаявні типи транспортних засобів:\n\n- Звичайні вулиці: легкові автівки, автобуси, таксі, вантажівки, службовий транспорт, аварійний транспорт\n- Залізниця: пасажирські поїзди, або вантажні\n\nНаявні клавіші керування:\n\n- Shift: Тримайте Shift, аби застосувати обрані обмеження для всіх сегментів шляху між двома перехрестями."
"TMPE_TUTORIAL_HEAD_JunctionRestrictionsTool","Kreuzungsbeschränkungen","Junction restrictions","Junction restrictions","Restrictions aux carrefours","Csomópont korlátozások","Junction restrictions","交差点の制限","교차로 규칙 도움말","Junction restrictions","Ograniczenia na skrzyżowaniach","Junction restrictions","Ограничения на перекрёстках","路口限制","路口管制","Junction restrictions","Kavşak kısıtlamaları","Обмеження на перехрестях"
"TMPE_TUTORIAL_HEAD_LaneArrowTool","Richtungspfeile","Lane arrows","Lane arrows","Flèches directionnelles","Lane nyilak","Lane arrows","車線の矢印","도로 화살표 변경 도움말","Lane arrows","Narzędzie zmiany kierunków pasów ruchu","Lane arrows","Стрелки дорожной разметки","車道標線方向","变更车道方向","Lane arrows","Şerit okları","Стрілки на смугах руху"
"TMPE_TUTORIAL_HEAD_LaneConnectorTool","Fahrspurverbinder","Lane connector","Lane connector","Connecteur des voies de circulation","Sávcsatlakozó","Lane connector","車線の接続","차선 연결 도움말","Lane connector","Połącz pasy ruchu","Lane connector","Линии движения","車道連接工具","车道连接工具","Lane connector","Şerit birleştiricisi","З'єднання смуг руху"
"TMPE_TUTORIAL_HEAD_MainMenu","Traffic Manager: President Edition","Traffic Manager: President Edition","Traffic Manager: President Edition","Gestionnaire de trafic : Édition Président","Forgalomkezelő: President Edition","Traffic Manager: President Edition","Traffic Manager: President Edition","Traffic Manager: President Edition","Traffic Manager: President Edition","Traffic Manager: President Edition","Traffic Manager: President Edition","Traffic Manager: President Edition","Traffic Manager: President Edition","交通管理：总统版","Traffic Manager: President Edition","Traffic Manager: President Edition","Головне меню Traffic Manager: President Edition"
"TMPE_TUTORIAL_HEAD_ManualTrafficLightsTool","Manuelle Ampeln","Manual traffic lights","Manual traffic lights","Manuel des feux de circulation","Kézi közlekedési lámpák","Manual traffic lights","手動信号機","신호등 직접 통제 도움말","Manual traffic lights","Ręczna sygnalizaja świetlna","Manual traffic lights","Ручной светофор","手動號誌燈","手动控制红绿灯","Manual traffic lights","Elcil trafik ışıkları","Ручне перемикання світлофору"
"TMPE_TUTORIAL_HEAD_ParkingRestrictionsTool","Parkverbote","Parking restrictions","Parking restrictions","Restrictions de stationnement","Parkolási korlátozások","Parking restrictions","駐車規制","주차 제한 도움말","Parking restrictions","Ograniczenia parkingowe","Parking restrictions","Ограничения парковки","停車限制","路边停车限制","Parking restrictions","Park kısıtlamaları","Обмеження паркування"
"TMPE_TUTORIAL_HEAD_PrioritySignsTool","Vorfahrtsschilder","Priority signs","Priority signs","Signes prioritaires","Elsőbbségi jelek","Priority signs","優先標識","교통 표지판 추가 도움말","Priority signs","Znaki pierwszeństwa","Priority signs","Знаки приоритета","優先通行標誌","优先通行权设置","Priority signs","Öncelik işaretleri","Знаки пріоритету"
"TMPE_TUTORIAL_HEAD_SpeedLimitsTool","Geschwindigkeitsbeschränkungen","Speed limits","Speed limits","Limites de vitesse","Sebesség határok","Speed limits","制限速度","속도 제한 도움말","Speed limits","Limity prędkości","Speed limits","Ограничение скорости","速限","道路限速设置","Speed limits","Azami hızlar","Обмеження швидкості"
"TMPE_TUTORIAL_HEAD_SpeedLimitsTool_Defaults","Standard-Geschwindigkeitsbegrenzungen","Default speed limits","Default speed limits","Limites de vitesse par défaut","Alapértelmezett sebességkorlátozások","Default speed limits","デフォルトの制限速度","기본 속도 제한 도움말","Default speed limits","Domyślne limity prędkości","Default speed limits","Стандартные ограничения скорости","預設速限","默认速度限制","Default speed limits","Varsayılan azami hızlar","Стандартні швидкості для різних доріг"
"TMPE_TUTORIAL_HEAD_TimedTrafficLightsTool","Zeitgesteuerte Ampelschaltungen","Timed traffic lights","Timed traffic lights","Feux de circulation chronométrés","Időzített közlekedési lámpák","Timed traffic lights","時間設定付き信号","신호등 시간표 설정 도움말","Timed traffic lights","Czasowa sygnalizacja świetlna","Timed traffic lights","Настраиваемые светофоры","自訂號誌燈","红绿灯定时设置","Timed traffic lights","Süreli trafik ışıkları","Групи світлофорів з таймером"
"TMPE_TUTORIAL_HEAD_TimedTrafficLightsTool_AddJunction","Füge der Ampelschaltung eine andere Kreuzung hinzu","Add a junction to the timed traffic light","Add a junction to the timed traffic light","Ajouter une intersection à un feu de circulation chronométré","Adjon hozzá egy kereszteződést az ütemezett lámpához","Add a junction to the timed traffic light","時間設定付き信号機に交差点を追加する","교차로에 신호등 시간표 추가하는 방법","Add a junction to the timed traffic light","Dodaj skrzyżowanie do czasowej sygnalizacji","Add a junction to the timed traffic light","Добавить другой перекрёсток в шаблон светофора","新增路口到自訂號誌燈","向自定时红绿灯添加一个路口","Add a junction to the timed traffic light","Süreli trafik ışığına kavşak ekle","Додати перехрестя до групи світлофорів"
"TMPE_TUTORIAL_HEAD_TimedTrafficLightsTool_AddStep","Füge einen neuen Zeitschritt hinzu","Add a timed step","Add a timed step","Ajouter une étape chronométrée","Adjon hozzá egy időzített lépést","Add a timed step","時間設定を追加する","시간 구성하는 방법","Add a timed step","Dodaj krok","Add a timed step","Добавить временной шаг","新增自訂號誌切換階段","添加定时","Add a timed step","","Додати крок до групи світлофорів"
"TMPE_TUTORIAL_HEAD_TimedTrafficLightsTool_Copy","Kopiere eine zeitgesteuerte Ampel","Copy a timed traffic light","Copy a timed traffic light","Copier un feu de circulation chronométré","Másolja az időzített jelzőlámpát","Copy a timed traffic light","時間設定付き信号をコピーする","신호등 시간표 복제 방법","Copy a timed traffic light","Kopiuj czasową sygnalizację","Copy a timed traffic light","Скопируйте настраиваемый светофор","複製自訂號誌燈設定","复制自定时红绿灯","Copy a timed traffic light","Süreli trafik ışığını kopyala","Копіювання групи світлофорів"
"TMPE_TUTORIAL_HEAD_TimedTrafficLightsTool_RemoveJunction","Entferne eine Kreuzung von der Ampelschaltung.","Remove a junction from the timed traffic light","Remove a junction from the timed traffic light","Retirer une intersection d'un feu de circulation chronométré","Távolítsa el a kereszteződést az időzített lámpáról","Remove a junction from the timed traffic light","時間設定付き信号機から交差点を削除する","교차로에 신호등 시간표 제거하는 방법","Remove a junction from the timed traffic light","Usuń skrzyżowanie spod kontroli czasowej sygnalizacji","Remove a junction from the timed traffic light","Удалите перекрёсток из схемы настраиваемого светофора","將路口自自訂號誌燈移除","从自定时红绿灯移除一个路口","Remove a junction from the timed traffic light","Kavşağı süreli trafik ışıklarından kaldır","Забрати перехрестя з групи світлофорів"
"TMPE_TUTORIAL_HEAD_ToggleTrafficLightsTool","Ampeln setzen","Toggle traffic lights","Toggle traffic lights","Basculer les feux de circulation","Váltás a közlekedési lámpákra","Toggle traffic lights","信号機の付け外し","신호등 추가/제거 도움말","Toggle traffic lights","Przełącz na sygnalizację świetlną","Toggle traffic lights","Расположение светофоров","調整號誌燈","红绿灯增删","Toggle traffic lights","Trafik ışıkları anahtarı","Встановлення світлофору на перехресті"
"TMPE_TUTORIAL_HEAD_VehicleRestrictionsTool","Fahrzeugbeschränkungen","Vehicle restrictions","Vehicle restrictions","Restrictions de véhicules","Jármű-korlátozások","Vehicle restrictions","車両の制限","차량 제한 도움말","Vehicle restrictions","Ograniczenia ruchu pojazdów","Vehicle restrictions","Ограничение движения типов транспорта","車種限制","道路车种限制","Vehicle restrictions","Taşıt kısıtlamaları","Обмеження типів транспорту"
